-6124,-2632,14024,-214,-129,-81
-6084,-2468,14012,-265,-182,-81
-6004,-2516,14072,-279,-194,-57
-5972,-2564,13872,-253,-99,-20
-5940,-2540,14052,-214,-78,-2
-5988,-2648,14068,-214,16,0
-6040,-2436,14020,-214,-41,-38
-5992,-2604,14000,-189,-23,-34
-6028,-2628,13932,-204,-90,-11
-6008,-2656,13932,-233,-97,-9
-6008,-2636,13872,-242,-94,-46
-6048,-2588,13992,-255,-109,-28
-6068,-2640,13888,-228,-131,-20
-6004,-2580,13996,-202,-61,6
-6004,-2628,13988,-216,-20,-3
-6096,-2588,13908,-206,-28,-50
-6020,-2592,14168,-233,-79,0
-6060,-2524,13968,-227,-87,20
-5968,-2608,13940,-242,-115,-11
-5904,-2564,14148,-253,17,-31
-6032,-2508,14164,-232,-29,-33
-6072,-2524,14084,-188,-23,-42
-6092,-2484,14064,-164,-84,11
-6004,-2632,13940,-229,-63,-1
-5992,-2644,14036,-264,-95,-20
-6184,-2536,13952,-237,-100,-7
-5964,-2580,14152,-225,-129,-7
-6032,-2588,13996,-222,-101,13
-6004,-2652,14124,-239,-58,4
-6040,-2592,14164,-220,-17,-38
-5952,-2504,14116,-209,-19,-18
-5880,-2596,14020,-218,-94,1
-6044,-2616,14272,-215,-39,-6
-5980,-2528,14048,-253,-25,-19
-6076,-2540,14096,-259,-49,-15
-6040,-2528,13980,-211,-81,-27
-6032,-2660,13968,-214,-62,-24
-5984,-2584,14136,-243,-102,0
-5980,-2612,14180,-242,-96,-3
-6060,-2616,13908,-248,-145,-11
-5980,-2612,13976,-223,-81,-15
-5964,-2600,13976,-242,-102,3
-5964,-2564,13944,-237,-76,-23
-6024,-2484,14060,-238,-77,-21
-5988,-2636,13792,-200,-86,-13
-5924,-2560,14060,-210,-85,-24
-5996,-2696,13940,-230,-62,-18
-5988,-2572,13956,-210,-75,3
-5972,-2544,14036,-237,-120,2
-5896,-2632,13948,-227,-57,3
-6028,-2540,14024,-215,-47,-16
-5956,-2648,14124,-245,-53,-5
-6080,-2608,13996,-207,-27,-31
-5920,-2592,14080,-197,-61,-1
-5948,-2608,13940,-222,-84,-13
-5992,-2628,14088,-236,-94,-16
-6016,-2556,13952,-236,-85,-6
-5976,-2536,14076,-246,-155,-37
-5976,-2520,14096,-235,-56,7
-5948,-2672,13948,-221,-44,-19
-5996,-2700,14144,-241,-85,-21
-5988,-2576,13908,-242,-66,-2
-6016,-2560,14024,-208,-9,-4
-5976,-2632,13964,-201,33,-13
-6004,-2672,14016,-224,-71,2
-5964,-2608,14140,-256,-59,-29
-6004,-2628,14104,-249,-70,-33
-6000,-2504,13992,-223,-83,-23
-5904,-2644,14016,-244,-129,-20
-5980,-2616,14032,-246,-104,-2
-5964,-2548,14068,-211,-51,-2
-5972,-2632,13924,-205,-69,-5
-5908,-2524,13980,-215,-56,-26
-5872,-2624,13872,-163,-9,-77
-6036,-2584,13956,-169,51,20
-5972,-2468,14016,-194,-16,8
-5928,-2628,14060,-214,-82,6
-5892,-2504,14004,-232,-59,-13
-6068,-2528,13900,-273,-58,-35
-5952,-2596,14124,-233,-57,-22
-5944,-2552,14168,-217,-90,-12
-6076,-2488,14156,-204,-83,-5
-5968,-2620,13820,-221,-88,-10
-6048,-2680,13972,-235,-56,-32
-6008,-2544,14148,-214,-83,-11
-6028,-2584,14064,-215,-65,-20
-5968,-2620,14176,-220,-73,-12
-6052,-2560,14092,-223,-34,-10
-6024,-2556,14132,-222,-90,-31
-5892,-2612,14000,-200,-92,-12
-5848,-2588,13984,-184,-67,15
-5956,-2588,14104,-211,-10,-4
-5996,-2628,13944,-263,-131,-34
-6048,-2596,14088,-249,-75,-34
-5920,-2576,14136,-214,10,-17
-6008,-2688,14040,-210,-65,-2
-5976,-2668,13980,-213,-90,-14
-5940,-2532,13996,-239,-73,-19
-5996,-2516,14072,-199,-74,-2
-5932,-2656,14064,-214,-26,-29
-6016,-2544,13940,-171,-24,12
-5960,-2620,14084,-242,-79,-18
-5928,-2576,14068,-257,-98,-31
-6044,-2668,14064,-203,-65,-35
-6016,-2660,14096,-213,-92,-18
-5868,-2644,14024,-216,-70,-2
-6056,-2616,14104,-215,-105,-27
-5952,-2592,14064,-231,-58,-9
-6016,-2656,14120,-221,-2,7
-5948,-2556,14080,-231,-15,-8
-6068,-2596,14060,-242,-43,-25
-6044,-2576,14080,-201,-118,-15
-6008,-2600,13988,-196,-76,-6
-5872,-2696,14124,-219,-65,-22
-5912,-2684,14236,-249,-104,-41
-5932,-2604,14108,-248,-77,-27
-6044,-2608,14032,-214,-129,7
-5924,-2632,14004,-207,-68,-6
-5964,-2572,13928,-250,-37,-28
-5820,-2604,14036,-270,-79,-2
-6092,-2640,14064,-224,-45,1
-5956,-2580,14104,-220,-85,-8
-5992,-2660,13884,-226,-46,-14
-5920,-2604,14060,-256,-59,-19
-5940,-2592,13980,-244,-59,-39
-5988,-2672,14104,-221,-100,-10
-6024,-2708,14084,-217,-110,3
-5900,-2688,14008,-229,-94,-13
-5944,-2492,13972,-240,-27,-12
-5976,-2528,14204,-250,-76,-33
-5948,-2640,14060,-216,-73,2
-5812,-2592,13964,-224,-64,6
-6012,-2664,13944,-225,-56,-16
-5968,-2560,14264,-232,-20,-11
-5960,-2500,13924,-213,-48,2
-5924,-2492,14044,-228,-74,-5
-5948,-2640,14032,-212,-12,-1
-5988,-2532,13904,-238,21,-14
-6020,-2576,14020,-227,-1,8
-5928,-2540,13892,-207,-30,-7
-5984,-2608,13960,-198,-54,-9
-6028,-2656,14180,-248,-57,-18
-5900,-2580,14164,-245,-86,-11
-5992,-2640,14184,-230,-112,10
-5828,-2648,14100,-227,-73,-17
-6080,-2604,14044,-227,-43,-1
-5976,-2580,14152,-258,-19,-7
-5964,-2524,14116,-244,-56,-13
-5984,-2560,14016,-239,-88,-14
-5960,-2580,14016,-205,-61,-5
-5948,-2592,14080,-259,-77,-13
-5948,-2640,14284,-226,-58,-7
-5956,-2636,14024,-217,-35,-28
-5924,-2680,14040,-230,-60,-4
-5848,-2528,13836,-211,-27,-17
-5972,-2568,14176,-243,-54,-22
-5968,-2500,14160,-250,-117,-31
-5952,-2508,14168,-200,-83,-3
-5960,-2660,14076,-225,-74,-2
-5888,-2600,13916,-266,-39,-18
-5992,-2576,13988,-228,-55,-15
-5956,-2524,14032,-231,-74,-11
-6052,-2576,14200,-205,-53,3
-5964,-2684,14024,-234,-53,-15
-6032,-2648,13952,-249,-78,8
-6048,-2624,14008,-220,-120,-9
-6028,-2608,14056,-208,-79,-14
-5892,-2544,14016,-202,-51,-11
-5964,-2532,14148,-238,-48,-22
-5928,-2656,14084,-236,1,-7
-5984,-2696,14056,-217,-28,-17
-5988,-2648,14016,-212,-84,-12
-5996,-2616,14020,-232,-135,-14
-5936,-2604,13956,-244,-101,-18
-5872,-2576,14268,-230,-99,-7
-5996,-2536,13984,-236,-90,-19
-5952,-2676,13892,-219,-49,-1
-5952,-2628,14016,-236,-65,-18
-5952,-2600,13976,-248,-65,-8
-6004,-2576,14044,-209,-40,-23
-5872,-2572,14104,-208,-40,0
-5924,-2724,13912,-242,-68,-20
-5960,-2596,14008,-252,-105,-5
-5972,-2536,14020,-221,-56,-4
-5924,-2556,14224,-210,-59,-9
-5940,-2632,13960,-223,18,-28
-5952,-2588,13976,-213,-37,-48
-5936,-2532,14012,-225,-96,-5
-5904,-2616,14056,-222,-59,-22
-5948,-2596,14000,-207,-98,-10
-5896,-2656,14080,-223,-53,-26
-5956,-2616,14140,-269,-27,-16
-6012,-2564,14136,-250,-82,-21
-5964,-2444,13872,-230,-66,-16
-5952,-2552,14040,-209,-40,-19
-6052,-2600,14056,-216,-12,-29
-5996,-2544,14056,-233,-91,-6
-5988,-2536,14136,-226,-115,-19
-5940,-2664,14088,-222,-55,-5
-5984,-2560,13984,-228,-12,-19
-5932,-2620,14096,-253,-34,-28
-6028,-2504,14020,-240,-27,-13
-5968,-2644,14096,-191,-42,-16
-6028,-2484,14096,-237,-79,-8
-5972,-2632,14016,-232,-77,-35
-6032,-2612,14116,-242,-124,4
-5860,-2524,13996,-234,-139,-26
-5944,-2628,14092,-236,-69,-15
-5928,-2600,14032,-201,-83,-27
-5828,-2596,14092,-226,-85,-32
-6112,-2604,13920,-239,-33,-21
-5988,-2652,14048,-217,-73,16
-5920,-2628,13928,-207,-50,-7
-6032,-2632,13988,-254,-11,-25
-5964,-2460,14160,-245,-31,-14
-5892,-2560,14020,-235,-23,-17
-6112,-2548,14008,-196,-58,-3
-5928,-2628,13900,-229,-108,-10
-6032,-2640,14080,-225,-95,-17
-6040,-2564,14052,-225,-105,-17
-6052,-2572,13980,-220,-72,-38
-5904,-2564,13968,-194,-49,-33
-5932,-2596,14088,-214,4,-31
-5948,-2608,13996,-242,-82,-24
-6036,-2684,14144,-223,-87,-7
-5872,-2576,14032,-244,-20,6
-5960,-2564,14004,-215,-111,-1
-5876,-2664,13972,-258,-104,-24
-5996,-2576,14188,-218,-48,5
-5916,-2552,13972,-224,-29,-22
-5916,-2596,14068,-215,-28,9
-5904,-2680,14128,-236,8,-24
-5876,-2616,14148,-227,-48,-2
-6072,-2632,14148,-240,-189,-2
-5976,-2556,14008,-245,-235,-6
-5964,-2640,14116,-232,-152,-12
-5988,-2600,14136,-195,-89,14
-5952,-2552,14184,-241,-207,-33
-5840,-2584,14016,-126,-25,-110
-5876,-2632,13984,1,367,-92
-6008,-2540,14144,-16,166,-222
-5732,-2132,14180,47,325,1096
-5968,-2520,14076,56,448,-166
-6108,-2392,14080,-78,215,-151
-6020,-2468,13932,-192,176,-27
-6136,-2504,14100,-276,-123,-47
-6168,-2468,14104,-268,-304,4
-6124,-2480,14044,-374,-398,92
-6032,-2532,13952,-303,-358,19
-6060,-2380,14040,-283,-127,44
-5984,-2456,14148,-254,-92,25
-6032,-2480,14188,-232,7,-41
-5960,-2532,14100,-187,47,-52
-6216,-2728,14040,-158,26,-37
-6084,-2480,13960,-195,-22,-80
-5900,-2520,13968,-218,-17,-47
-6108,-2604,14008,-279,-210,-60
-6064,-2532,13956,-250,-224,11
-6108,-2544,14080,-321,-242,32
-6076,-2544,13956,-338,-231,18
-5936,-2496,14088,-289,-209,36
-6028,-2476,14016,-220,-46,9
-5836,-2540,13924,-206,122,-4
-6000,-2524,14172,-227,-55,-98
-6040,-2524,14016,-209,42,-38
-6048,-2572,14020,-208,-50,-5
-6028,-2524,13980,-195,-88,21
-6024,-2576,14004,-242,-133,-1
-6004,-2512,13944,-250,-87,-38
-5920,-2560,14080,-237,-40,-28
-5968,-2520,14156,-184,-93,5
-6060,-2564,14004,-210,-80,7
-6056,-2616,13892,-227,-43,-22
-5960,-2384,14128,-243,-70,-20
-6000,-2608,14120,-243,-82,-20
-6004,-2536,14096,-226,-63,4
-5876,-2532,13960,-247,-83,-9
-5920,-2536,13928,-227,-103,1
-5996,-2488,14124,-238,-102,-16
-6012,-2508,14056,-218,-101,3
-6088,-2484,13836,-222,-101,-13
-5912,-2524,14000,-237,-64,-39
-6040,-2512,14028,-234,-73,-32
-6008,-2464,14116,-207,-85,-23
-6036,-2528,13988,-211,-79,3
-5988,-2552,13940,-227,-64,-16
-5944,-2548,14036,-237,-46,-26
-5992,-2588,14104,-252,-59,-30
-6048,-2524,14124,-246,-86,-23
-5928,-2600,14028,-223,-74,5
-5928,-2624,14084,-225,-91,-11
-6020,-2492,14060,-244,-110,-12
-5992,-2488,14204,-241,-77,15
-5952,-2564,14012,-245,-72,-17
-5904,-2532,14024,-208,-39,-21
-5924,-2452,13992,-230,-35,-16
-5972,-2492,14056,-227,-101,-12
-5924,-2476,14144,-234,-110,-10
-5996,-2564,14036,-241,-126,-17
-5920,-2464,14016,-228,-68,-11
-5892,-2556,14072,-252,-34,-38
-5988,-2520,14024,-173,-3,8
-5956,-2584,14052,-215,-14,-22
-6012,-2520,13884,-206,-75,-1
-5992,-2540,14216,-250,-108,-28
-5972,-2496,14032,-240,-80,-20
-6036,-2520,13960,-221,-135,3
-6000,-2580,14032,-175,-31,5
-6040,-2540,14116,-216,-30,-6
-5920,-2468,14132,-263,-73,-14
-6008,-2496,14288,-236,-90,-20
-6032,-2552,13932,-215,-80,4
-5884,-2632,13824,-204,-90,7
-5908,-2516,14124,-251,-90,-32
-5956,-2508,14116,-243,-101,-17
-6032,-2540,13988,-209,-33,-12
-5876,-2532,14028,-215,-24,-24
-5896,-2544,14032,-215,-3,-43
-5996,-2664,13976,-252,-47,-17
-6096,-2624,14052,-227,-49,-28
-5924,-2588,13948,-232,-95,-1
-5840,-2604,13868,-227,-99,-24
-6044,-2516,14052,-251,-89,-22
-6016,-2472,14064,-241,-122,-28
-5932,-2508,14208,-246,-101,-20
-5900,-2536,14044,-218,-61,-22
-5896,-2520,14060,-224,-58,-7
-6024,-2576,14068,-215,2,3
-5996,-2524,13984,-238,-88,1
-6044,-2572,14036,-225,-118,-4
-5864,-2500,14084,-247,-27,-8
-6044,-2588,13972,-241,-35,-4
-5888,-2564,14124,-230,-50,-35
-6020,-2460,14196,-242,-66,-1
-5944,-2432,14040,-207,-47,12
-6052,-2604,14124,-186,-28,-4
-5956,-2572,14048,-221,-58,-30
-6008,-2492,14076,-240,-75,-24
-5964,-2524,14244,-200,-88,1
-6060,-2524,14024,-234,-49,3
-5996,-2524,13900,-238,-55,4
-5916,-2552,14164,-210,-112,3
-5988,-2464,14052,-206,-94,-10
-5984,-2528,14004,-217,-102,-16
-6012,-2508,14028,-218,-58,-12
-5896,-2456,13992,-251,-43,-17
-5972,-2544,14228,-241,-30,-21
-5972,-2484,14096,-234,-74,6
-5872,-2672,14008,-237,-99,6
-5920,-2568,13928,-223,-104,4
-6028,-2524,14096,-227,-103,-6
-6120,-2528,14008,-218,-112,-7
-5880,-2624,14112,-214,-60,-6
-5860,-2516,14036,-260,-26,-14
-5996,-2568,14092,-218,50,-5
-6020,-2556,14012,-202,4,-5
-6004,-2468,14024,-219,-91,13
-6036,-2560,13880,-207,-91,-28
-6056,-2540,14000,-224,-73,-11
-5896,-2468,14176,-246,-61,-28
-6032,-2492,14204,-245,-67,2
-6000,-2616,13996,-212,-72,-21
-5844,-2556,14104,-240,-65,-11
-5968,-2472,14036,-242,-45,-12
-6008,-2536,14020,-213,-114,5
-5896,-2552,14028,-233,-96,-24
-5964,-2496,14172,-222,-45,-22
-6012,-2600,14052,-242,-28,-11
-6028,-2544,14168,-242,-57,-19
-6044,-2552,13912,-219,-115,8
-5944,-2500,13944,-235,-49,-22
-6016,-2552,13952,-215,-31,-10
-5988,-2532,13896,-196,-63,6
-6032,-2576,14128,-240,-79,-15
-5960,-2548,13976,-203,-49,-16
-5912,-2488,14048,-204,31,2
-6012,-2504,14012,-228,25,-49
-5984,-2588,14060,-167,-29,-32
-5940,-2532,14040,-205,-59,-3
-6076,-2536,14048,-189,-99,12
-5992,-2604,13992,-221,-116,7
-6016,-2484,14060,-246,-76,-19
-5940,-2540,13996,-237,-123,-48
-5952,-2508,13924,-248,-43,-16
-5892,-2576,13864,-201,24,-1
-5972,-2660,13988,-245,-62,-22
-6092,-2476,13968,-228,-119,-16
-6024,-2484,14168,-255,-155,-13
-5896,-2556,13980,-223,-67,-1
-5888,-2516,13852,-218,31,-18
-6004,-2532,14128,-251,-47,-18
-5904,-2620,14184,-248,-86,-21
-5972,-2460,14148,-220,-43,0
-5832,-2576,13988,-215,-110,4
-6020,-2612,13960,-229,-71,-11
-5920,-2532,13996,-244,-51,-7
-5952,-2540,14024,-238,-111,-35
-6032,-2556,14064,-224,-59,4
-5976,-2424,13996,-218,-50,-3
-6032,-2556,14148,-245,-26,-22
-5940,-2404,13944,-233,-72,-22
-5940,-2476,14104,-224,-92,-5
-6004,-2544,13924,-224,-63,4
-5984,-2572,14100,-233,-61,3
-5944,-2532,14000,-223,4,10
-6036,-2460,14220,-190,105,9
-6004,-2504,13996,-137,464,20
-6060,-2612,14068,-179,194,101
-6056,-2480,13764,-304,281,287
-6320,-2396,13852,-458,615,850
-6092,-2932,13908,-191,510,156
-6236,-2560,13908,-195,130,39
-6240,-2396,13872,-188,-27,-83
-6372,-2436,13924,233,579,-218
-6704,-1076,13700,-68,1141,806
-6224,-1752,14116,193,639,1123
-6388,-3188,13592,-118,-288,60
-6372,-2444,13944,-503,-1082,-50
-6276,-2248,14008,-797,-2287,-396
-6160,-2464,14116,-209,-367,225
-6136,-2468,13908,-157,166,148
-6088,-2520,13808,-304,-161,46
-6104,-2452,13984,-504,-639,-250
-5964,-2568,13924,-478,-1613,-588
-5792,-2696,14144,55,-640,-353
-6004,-2484,13956,-131,-267,-336
-5780,-2532,14004,1065,-1007,-1597
-5736,-2744,14440,969,-1942,-692
-5480,-2476,14448,-31,-791,-133
-5716,-2616,14276,-747,664,1244
-5744,-2508,14156,-342,515,454
-5732,-2564,14116,-697,-913,58
-6028,-1996,14732,-2250,-1707,-538
-5376,-3128,14048,372,641,289
-5336,-2512,14472,122,378,-147
-5464,-2676,14304,-130,191,69
-5488,-2620,14060,-227,-202,-149
-5468,-2584,14188,-215,-174,-38
-5616,-2552,14364,-178,-89,58
-5472,-2724,14232,-226,104,-15
-5440,-2700,14220,-162,124,61
-5524,-2560,14264,-223,48,-51
-5524,-2636,14292,-185,-178,61
-5572,-2536,14240,-326,-186,-50
-5556,-2716,14244,-243,25,-137
-5440,-2632,14072,-285,-292,-211
-5496,-2712,14424,45,-8,121
-5564,-2604,14220,-19,49,-152
-5568,-2552,14304,-110,-1257,73
-5772,-2848,14728,-416,-584,-331
-5432,-2504,14488,-266,-134,-35
-5304,-2520,14472,-189,304,-35
-5408,-2620,14244,-75,239,14
-5364,-2764,14332,-51,-372,141
-5260,-2720,14400,-142,659,164
-5304,-2620,14404,-271,-342,-104
-5296,-2792,14440,-204,-667,-207
-5184,-2652,14180,-72,-116,-111
-5288,-2576,14328,-112,-527,40
-5108,-2800,14528,-258,85,34
-5128,-2632,14432,-125,310,28
-5052,-2812,13764,250,158,36
-5372,-2604,14320,225,-385,126
-5484,-2096,14716,-1091,-132,-305
-5256,-2372,14600,-648,-344,-183
-4996,-2832,14276,3,-903,46
-5200,-2656,14636,-600,-376,-146
-4012,-860,3692,7571,-81,926
-4132,1552,14888,-1219,343,2922
-3812,-4904,15236,-2217,-558,5710
-4660,-1956,14240,-1280,2234,-13
-5248,-2724,13952,-724,1067,415
-4584,-3060,15120,-278,392,1223
-5180,-1420,14252,-1256,-267,1387
-5168,-2272,14304,162,-746,36
-5164,-1516,13844,-228,377,1443
-5208,-1812,14112,-2087,-602,2062
-5340,-2440,14432,-1119,-263,823
-5260,-2576,14396,-749,-76,204
-5756,-1040,13908,164,-359,-431
-5252,-2276,14352,1327,-78,-465
-5972,-2448,14708,-487,-75,-80
-4440,-3976,14356,79,1153,-116
-5156,-3096,14616,-954,328,303
-5440,-2476,14340,-316,-688,-81
-5400,-2360,14348,-130,-152,-137
-5336,-2360,14384,-126,-113,-165
-5308,-2248,14368,-132,-30,-163
-5304,-2296,14440,-75,356,-443
-5376,-2420,14544,214,407,245
-5412,-2344,14628,-225,94,-156
-5304,-2336,14144,-140,-18,0
-5464,-2348,14320,-175,-64,-11
-5304,-2244,14344,-307,-24,24
-5376,-2288,14216,-247,95,193
-5332,-2360,14376,-164,131,-107
-5460,-2396,14188,-173,551,13
-5520,-2372,14344,-290,-255,-62
-5584,-2336,14248,-250,-153,-36
-5416,-2352,13972,-16,72,-24
-5536,-2376,14172,-243,-204,4
-5436,-2272,14364,-272,-112,191
-5496,-2400,14356,-292,-79,-65
-5456,-2260,14404,-168,-126,-113
-5496,-2364,14216,-170,-201,74
-5456,-2328,14204,-166,-199,1
-5240,-2252,14436,-808,218,1130
-5560,-2372,13868,-698,-445,529
-5584,-2508,14420,-46,-161,95
-5460,-2420,14252,-4,22,176
-5472,-2296,14204,-535,-228,-171
-5484,-2484,14392,-323,-30,-147
-5520,-2436,14404,-418,-152,-106
-5472,-2444,14336,-250,-54,-80
-5404,-2380,14276,-208,-73,-47
-5524,-2316,14252,-149,-170,73
-5504,-2296,14428,-166,372,95
-5452,-2340,14384,-283,-222,-27
-5464,-2380,14400,-82,-184,36
-5480,-2296,14528,-42,-52,1092
-5204,-2420,14368,-668,-71,143
-5368,-2084,14220,-517,-49,554
-5500,-2232,14244,-430,-500,372
-5592,-2236,14344,51,-158,275
-5380,-1964,14348,-544,-92,421
-5316,-2308,14276,-352,-62,-84
-5488,-2348,14492,-439,-129,26
-5344,-2300,14184,-254,-238,48
-5308,-2368,14224,-208,-53,33
-5316,-2276,14308,-203,-164,43
-5332,-2248,14392,-513,-232,251
-5520,-2324,14512,-193,-84,-23
-5388,-2456,14360,-78,-233,194
-5288,-2456,14628,-597,3,544
-5344,-2316,14320,-170,-50,90
-5360,-2504,14616,-352,-49,519
-5388,-2240,14264,-296,-105,23
-5364,-2260,14296,-230,-106,66
-5384,-2332,14388,-335,-53,-26
-5280,-2272,14348,-273,-130,32
-5220,-2300,14580,-543,-41,135
-5372,-2344,14304,-347,-71,-103
-5420,-2316,14356,-299,-36,-6
-5420,-2300,14404,-314,-151,26
-5452,-2320,14260,-381,-143,27
-5480,-2436,14580,-269,-62,-24
-5340,-2380,14368,-426,-183,26
-5276,-2356,14404,-456,-142,40
-5428,-2364,14476,-190,13,-77
-5360,-2448,14360,-203,-183,85
-5332,-2464,14480,-504,-371,216
-5272,-2480,14356,-422,-177,20
-5272,-2496,14216,-318,-6,-80
-5368,-2412,14224,-311,-156,-18
-5368,-2512,14308,-87,28,218
-5288,-2656,14516,-759,-49,537
-5360,-2504,14196,-310,-77,22
-5268,-2492,14372,-280,-127,72
-5268,-2424,14400,-194,0,-27
-5320,-2520,14332,-307,25,-117
-5196,-2436,14332,1361,588,-844
-5060,-1728,13432,122,713,-209
-5368,-2356,14368,47,-11,-144
-5432,-2352,14360,-254,-124,30
-5272,-2348,14356,-317,-212,121
-5376,-2452,14196,-350,-384,228
-5332,-2372,14252,-446,-306,206
-5272,-2360,14400,-413,-341,71
-5296,-2436,14428,-488,-228,136
-5192,-2480,14332,-340,-191,17
-5392,-2428,14384,-212,-95,5
-5356,-2364,14440,-323,-116,-59
-5372,-2400,14480,-221,-184,-19
-5168,-2396,14260,-163,-187,77
-5132,-2452,14348,-201,-178,34
-5160,-2348,14492,-216,-3,-30
-5292,-2400,14464,-234,-152,67
-5252,-2456,14320,-234,-44,-52
-5208,-2476,14372,-202,-13,4
-5324,-2424,14324,-214,-91,3
-5236,-2436,14156,-225,-79,-23
-5264,-2340,14400,-25,92,-76
-5464,-1780,14400,-1311,752,1060
-5440,-2392,14284,-230,37,-55
-5176,-2216,14172,-82,247,-374
-5404,-2388,14460,-373,-319,50
-5472,-2452,14360,-267,-142,22
-5324,-2424,14136,-227,-124,-13
-5256,-2320,14244,-152,-238,2
-5396,-2416,14256,-226,92,-45
-5472,-2428,14360,-194,427,13
-5548,-2600,14648,-2734,1354,747
-7608,-1828,12672,4285,-1271,206
-6896,-3696,14548,-309,-472,-1429
-5964,-2456,14068,-328,-12,-109
-5900,-2412,13984,-254,-172,4
-5864,-2520,14076,-332,-137,18
-5748,-2440,14100,-415,-255,-60
-5820,-2516,14140,-460,-390,-19
-5900,-2492,14036,-467,-389,-40
-5736,-2476,14168,-481,-311,-35
-5740,-2632,14144,-601,-516,-106
-6612,-1236,15316,-4822,-1618,-1475
-5364,-2944,13776,-657,-235,-287
-5428,-3008,13796,362,-106,188
-6076,-2828,14016,-412,-1005,-221
-5560,-2944,14324,289,87,186
-5764,-2808,14144,-237,-49,-20
-5776,-2716,14324,-642,56,-16
-5632,-2920,14168,-180,-86,54
-5636,-2924,13808,-21,-47,56
-5644,-2940,14256,-271,-72,5
-5704,-2780,14176,-222,-39,-20
-5728,-2852,14148,-56,26,83
-5752,-2800,14012,-240,-48,12
-5696,-2728,14232,-190,-12,-26
-5660,-2684,14260,-81,45,36
-5704,-2772,14260,-210,142,-4
-5636,-2824,14204,-203,-86,-39
-5800,-2828,14152,-237,-67,-14
-5676,-2760,14168,-97,35,33
-5700,-2700,14160,-59,50,33
-5652,-2696,13992,-169,-110,23
-5684,-2740,14076,-313,-207,86
-5668,-2772,14060,-567,-227,97
-5688,-2744,14052,-583,-199,136
-5748,-2864,14264,-518,-182,121
-5556,-2824,14056,-391,-202,93
-5656,-2904,14172,-341,-153,-41
-5780,-2868,14216,-688,-189,62
-5712,-2880,14052,-378,-122,-6
-5724,-2924,14304,-198,-102,38
-5636,-3008,14108,-209,-57,6
-5640,-2960,14196,-257,-36,-15
-5636,-3080,14332,-201,34,-18
-5688,-2908,14072,-190,41,-27
-5640,-2960,14160,-159,-53,-44
-5672,-2952,14140,-218,-80,-38
-5756,-3012,14244,-262,-59,-26
-5664,-2848,14012,-254,-103,-23
-5532,-2948,14180,-185,-95,8
-5700,-3072,13964,-185,-99,31
-5712,-2928,14076,-275,-108,-13
-5692,-2968,14132,-261,-73,-27
-5628,-2764,14060,-189,-32,-9
-5624,-2968,14188,-186,-42,-3
-5700,-2960,14116,-219,-12,-17
-5604,-2956,14204,-266,-40,-51
-5628,-2920,14116,-234,-66,-10
-5736,-2940,14024,-213,-57,0
-5556,-2972,14188,-179,-87,13
-5612,-2972,14088,-217,-73,-17
-5636,-2948,14100,-254,-66,-22
-5648,-2900,14100,-235,-62,-15
-5584,-2904,14064,-227,-57,-30
-5640,-3040,14104,-262,-113,-21
-5696,-2900,14080,-241,-60,-25
-5628,-2904,14148,-196,-30,-3
-5620,-2916,14204,-146,7,-10
-5616,-2948,14048,-332,-76,-62
-5596,-2944,14104,-257,-55,-12
-5696,-2920,14064,-183,-9,6
-5688,-2872,14300,-181,-72,2
-5648,-2984,14140,-219,-101,11
-5648,-3112,14148,-74,-130,37
-5664,-2856,14044,-119,-36,40
-5712,-2880,14008,-288,-108,-40
-5640,-2964,14344,-255,-49,-4
-5712,-3068,14176,-167,-42,-10
-5624,-2980,14192,-174,-39,6
-5668,-2912,14020,-277,24,-18
-5676,-2920,14272,-241,-60,-15
-5660,-2952,14100,-198,-84,-6
-5680,-2972,14296,-214,-54,-21
-5676,-3024,14020,-250,-30,-19
-5748,-2876,14388,-274,-63,-14
-5676,-2936,14128,-258,-43,-30
-5712,-2988,14100,-180,-81,-21
-5724,-2980,14120,-204,-64,6
-5720,-2916,13920,-253,-81,-14
-5820,-2820,14164,-221,-97,-4
-5772,-2988,14272,-212,-72,15
-5768,-2976,14184,-253,-26,-20
-5716,-2928,14036,-317,-80,-38
-5728,-2968,14096,-214,-18,-27
-5680,-2852,14292,-124,-34,22
-5644,-2968,14008,-160,-66,8
-5704,-2944,14164,-248,-82,4
-5796,-2932,14124,-320,-65,-38
-5472,-2800,13944,-284,-63,-35
-5644,-2992,14164,-180,-44,-11
-5700,-2880,13952,-154,-43,-4
-5716,-2908,14132,-257,-41,-36
-5712,-2844,14160,-224,-92,-36
-5700,-2952,14000,-134,-90,2
-5664,-3032,14000,-200,-76,1
-5676,-2880,13888,-265,-77,-30
-5756,-2936,14048,-225,-35,2
-5628,-2804,14096,-244,-80,-1
-5592,-2928,14280,-206,-72,-1
-5628,-2960,14080,-198,-58,-1
-5780,-3004,14204,-254,-58,-41
-5732,-2940,14024,-229,-47,8
-5648,-2964,14172,-183,-45,25
-5676,-2916,14104,-204,-41,-8
-5700,-2924,14064,-235,-41,0
-5652,-2908,14236,-271,-67,-37
-5788,-2832,14184,-213,-72,-5
-5796,-2944,14100,-152,-85,6
-5572,-2932,14104,-232,-88,-8
-5700,-2880,14024,-257,-65,-18
-5692,-2868,14240,-234,-97,-24
-5780,-2892,14096,-195,-58,6
-5684,-2868,13940,-188,-87,-15
-5676,-3036,14096,-256,-62,-2
-5768,-2880,14080,-285,-40,-42
-5664,-2812,14036,-230,-67,-29
-5692,-2928,14016,-177,-87,3
-5720,-2960,14152,-235,-66,-21
-5720,-2968,14224,-293,-57,-22
-5604,-2876,14192,-264,-42,-12
-5836,-2872,14048,-230,-68,-11
-5720,-2844,14072,-208,-42,1
-5684,-2860,14044,-266,-75,-26
-5776,-2968,14048,-276,-41,-38
-5640,-2988,14004,-112,-7,-11
-5596,-2932,14204,-160,-60,12
-5744,-2936,14188,-187,-81,1
-5644,-2900,14112,-253,-75,-17
-5772,-2880,14088,-268,-74,-24
-5688,-2936,14232,-216,-76,-19
-5624,-2952,13976,-191,-75,1
-5668,-2924,14268,-253,-82,-47
-5728,-2924,14232,-265,-78,-22
-5640,-2940,14176,-214,-60,-11
-5732,-2940,14080,-110,4,25
-5720,-2868,14204,-338,-51,-53
-5752,-2892,14040,-312,-53,-52
-5740,-2908,14088,-208,-57,8
-5768,-2888,14224,-102,-63,40
-5636,-2932,14116,-172,-82,30
-5776,-2980,14132,-265,-92,-13
-5660,-2960,14100,-255,-56,-18
-5760,-2816,14228,-259,-61,-7
-5636,-2908,14072,-199,-76,-9
-5700,-2948,14000,-226,-60,-25
-5624,-2972,14284,-281,-53,-19
-5640,-2908,14036,-232,-53,11
-5728,-2952,14096,-190,-93,5
-5708,-2908,14136,-204,-64,3
-5660,-2872,14188,-259,-48,-27
-5868,-3004,14048,-292,-70,-48
-5684,-2988,14228,-245,-94,-35
-5732,-2952,14036,-102,-72,50
-5608,-2952,14128,-242,-84,-17
-5744,-2944,14204,-340,-56,-64
-5764,-2868,14008,-266,-47,-10
-5708,-2980,14160,-101,-14,30
-5672,-2948,14084,-199,-21,-17
-5704,-3000,13992,-244,-68,-25
-5708,-2948,14196,-289,-78,-28
-5752,-2828,13980,-230,-88,-12
-5620,-2984,13940,-192,-85,8
-5628,-2948,14020,-301,-95,-35
-5764,-2880,14156,-274,-23,-19
-5656,-2804,14096,-249,-13,-10
-5684,-2900,14060,-159,-24,7
-5776,-3004,14060,-171,-47,7
-5760,-3120,14116,-233,-64,-13
-5704,-2932,14120,-265,-87,-26
-5616,-2808,14140,-173,-89,3
-5692,-2944,14148,-208,-92,7
-5684,-2972,14184,-253,-110,-19
-5756,-2924,14036,-274,-70,-51
-5616,-2884,14180,-239,-68,-5
-5612,-2888,14008,-222,-45,-7
-5716,-2956,14156,-188,-45,-8
-5600,-2972,14052,-223,-82,2
-5680,-2960,14200,-261,-38,-21
-5800,-2876,14304,-250,-23,-17
-5708,-2920,14052,-180,-57,2
-5676,-2984,14092,-205,-59,-9
-5592,-2920,14120,-266,-76,-29
-5716,-2904,14324,-210,-81,-29
-5676,-2916,14132,-182,-76,-1
-5672,-2972,13948,-195,-92,11
-5692,-2892,13988,-245,-43,16
-5784,-2988,14116,-270,-24,-26
-5712,-2892,14060,-229,-59,-13
-5708,-2824,14068,-185,-80,-16
-5700,-3044,14020,-215,-88,-16
-5692,-2984,14144,-231,-117,-12
-5776,-2900,14012,-285,-66,14
-5684,-3028,14096,-241,-51,20
-5760,-2916,14188,-216,-56,5
-5556,-2996,14188,-255,-48,-23
-5704,-2912,14008,-250,-49,-32
-5608,-2916,14148,-213,-81,5
-5680,-2964,14080,-162,-81,3
-5592,-2940,14092,-219,-111,5
-5756,-2972,14016,-275,-91,-35
-5740,-2936,14212,-266,-88,-44
-5696,-2892,14148,-207,-49,-6
-5668,-2956,14060,-218,-62,-8
-5640,-2916,14184,-277,-84,-24
-5752,-2972,14064,-267,-53,-36
-5700,-2876,14260,-228,-83,-19
-5744,-2832,14028,-212,-82,0
-5612,-2984,13972,-231,-62,-20
-5648,-3044,14152,-294,-36,-36
-5644,-3000,13936,-221,-26,-7
-5660,-2948,13984,-177,-19,-2
-5684,-2916,13936,-196,-80,-22
-5648,-2924,13952,-229,-71,-22
-5760,-2904,14360,-231,-95,-17
-5760,-2920,14248,-214,-85,4
-5696,-2936,14168,-190,-68,6
-5720,-3000,14048,-236,-77,-25
-5760,-2956,14052,-279,-45,-32
-5764,-2856,14016,-248,-39,-14
-5748,-2868,14032,-212,-48,-21
-5756,-2940,14100,-202,-59,4
-5672,-2980,14168,-241,-104,-12
-5692,-3004,14124,-241,-89,-15
-5712,-2852,14152,-229,-14,-5
-5756,-2904,14080,-182,-51,-2
-5768,-3028,14064,-191,-67,12
-5792,-2980,14072,-243,-68,-13
-5716,-2888,13976,-186,-63,-7
-5624,-2840,14104,-156,-70,22
-5636,-2920,14008,-219,-55,-22
-5632,-2956,14088,-237,-70,-32
-5644,-2964,14060,-202,-31,-11
-5756,-2904,13984,-220,-55,-3
-5656,-2932,14248,-212,-41,-14
-5736,-3000,14204,-246,-66,-16
-5700,-3012,14068,-246,-89,-24
-5768,-2844,14212,-225,-42,-17
-5596,-2952,13828,-228,-18,-13
-5668,-3076,14240,-207,-43,-5
-5636,-2928,14064,-237,-55,-29
-5780,-2964,14112,-202,-27,-23
-5696,-2968,14032,-185,-48,4
-5764,-3056,13980,-202,-66,-10
-5716,-2936,14096,-196,-76,5
-5680,-2928,14012,-244,-63,-15
-5740,-2876,14116,-271,-61,-32
-5684,-2988,14136,-225,-63,-5
-5672,-3012,14004,-170,-65,15
-5760,-2972,14116,-255,-73,-41
-5684,-2848,14232,-269,-55,-43
-5704,-2916,14092,-146,-51,9
-5704,-2996,14124,-166,-61,1
-5688,-3068,14044,-235,-87,-32
-5700,-2936,14016,-255,-53,-11
-5668,-2972,14128,-310,-87,-39
-5780,-2940,14296,-198,-60,0
-5812,-2932,14168,-177,-57,21
-5616,-2980,14036,-230,-66,-12
-5780,-2924,14008,-257,-46,-38
-5732,-2936,14304,-254,-85,-17
-5660,-2936,13988,-202,-71,14
-5712,-2980,14144,-229,-83,-14
-5668,-2964,14080,-259,-76,-33
-5832,-2920,14040,-271,-55,-8
-5788,-2976,13984,-158,-57,-11
-5700,-2928,13864,-219,-64,-15
-5796,-2928,14084,-263,-74,-20
-5712,-2956,14012,-234,-64,-31
-5700,-2952,14188,-212,-62,-25
-5668,-3008,14036,-195,-35,5
-5700,-2892,14044,-198,-42,-25
-5700,-2868,14184,-268,-68,-42
-5704,-2872,14124,-223,-58,-24
-5748,-2812,14064,-215,-76,-6
-5708,-2964,14076,-180,-68,0
-5704,-2980,14208,-240,-62,-16
-5692,-2884,14224,-267,-70,-22
-5600,-2820,14136,-245,-78,-32
-5720,-2980,14136,-180,-86,-5
-5728,-2992,14052,-202,-39,-30
-5676,-2988,14032,-291,-76,-33
-5652,-2924,14204,-234,-56,0
-5728,-2996,14028,-195,-58,-21
-5680,-3052,14096,-195,-35,2
-5780,-3000,14072,-232,-54,-21
-5708,-2832,14108,-258,-71,-19
-5748,-2868,14216,-228,-48,-20
-5592,-2888,13968,-163,-101,15
-5624,-2936,14012,-210,-80,1
-5752,-3028,13972,-262,-67,-35
-5704,-2820,14108,-261,-67,-17
-5644,-2976,14096,-211,-69,11
-5664,-2836,14024,-193,-71,16
-5712,-2996,14060,-224,-76,-15
-5708,-2956,14172,-267,-81,-31
-5760,-2876,14156,-227,-58,-24
-5648,-2884,14224,-152,-53,12
-5696,-2940,14112,-220,-42,-1
-5764,-2964,13964,-239,-20,-37
-5684,-2944,14032,-297,-39,-18
-5800,-2920,14160,-210,-54,-3
-5816,-3012,14212,-186,-68,-19
-5768,-2900,14224,-197,-73,-14
-5632,-2956,14040,-263,-83,-16
-5732,-2920,14068,-251,-60,-18
-5608,-2972,14036,-202,-37,-9
-5676,-2908,14020,-222,-62,-7
-5696,-2920,14188,-243,-56,-11
-5756,-2908,14040,-265,-50,-24
-5648,-3008,13952,-200,-70,-3
-5624,-2908,14116,-168,-73,18
-5648,-3000,14048,-235,-73,-10
-5644,-2868,14112,-265,-65,-28
-5744,-2868,14224,-258,-54,-17
-5752,-2920,14168,-215,-33,3
-5688,-2928,14056,-197,-44,16
-5696,-2888,14104,-270,-64,-32
-5672,-2924,14116,-227,-59,-13
-5752,-2864,13916,-217,-78,-14
-5616,-2996,14160,-174,-96,11
-5680,-2908,14076,-227,-89,-23
-5692,-2956,14164,-250,-85,-25
-5776,-3020,14088,-256,-38,-27
-5712,-2932,14220,-192,-52,8
-5700,-3020,14120,-188,-64,-14
-5700,-2976,14148,-261,-62,1
-5580,-2908,13948,-234,-68,-30
-5760,-2884,14376,-223,-54,-9
-5796,-2880,14156,-188,-62,-11
-5716,-3028,14136,-242,-56,-9
-5688,-2864,14140,-281,-53,-13
-5732,-2864,14088,-247,-53,-16
-5692,-2948,13800,-166,-68,-4
-5720,-3060,14096,-183,-68,-10
-5736,-2988,14136,-297,-60,-36
-5708,-2928,14080,-253,-28,-40
-5824,-2888,14096,-184,-59,-2
-5600,-3012,13920,-209,-37,-19
-5772,-3020,14124,-246,-63,-15
-5668,-2848,14200,-232,-47,-22
-5756,-2884,14160,-209,-91,-13
-5680,-2892,14140,-145,-60,12
-5700,-2984,14000,-213,-63,-17
-5692,-3060,14088,-238,-51,-23
-5748,-3004,14132,-234,-53,3
-5756,-3004,14104,-217,-42,-23
-5728,-2944,14000,-141,-62,34
-5744,-2996,13992,-188,-65,18
-5788,-2968,14236,-257,-50,-32
-5616,-2924,14012,-242,-76,-17
-5580,-2948,14168,-170,-61,18
-5744,-2980,14096,-195,-69,-13
-5716,-2988,14032,-260,-71,-33
-5792,-2920,14008,-281,-55,-27
-5764,-2936,14148,-269,-73,-15
-5720,-2976,13928,-180,-63,15
-5660,-2916,14212,-244,-97,-17
-5624,-2856,14088,-232,-67,-11
-5756,-2896,14088,-258,-33,-2
-5788,-2904,14112,-202,-40,-4
-5756,-2976,14208,-132,-49,17
-5644,-2988,14056,-188,-30,-19
-5616,-2908,14104,-259,-87,-17
-5776,-2920,14176,-186,-63,5
-5736,-2932,14148,-180,-87,12
-5668,-2980,13996,-243,-98,-28
-5744,-3040,14116,-263,-85,-33
-5760,-2880,14036,-290,-43,-33
-5752,-2896,13960,-214,-57,-15
-5696,-2964,14120,-206,-76,-3
-5744,-3000,13972,-212,-38,-10
-5692,-2964,14120,-226,-63,-17
-5736,-2916,14184,-263,-73,-19
-5668,-2924,14136,-192,-58,4
-5680,-2948,14000,-214,-40,19
-5704,-2996,13940,-253,-39,-14
-5664,-2924,14132,-210,-53,-12
-5768,-3012,14012,-219,-78,5
-5708,-3044,14008,-198,-84,-14
-5736,-2980,14024,-264,-80,-15
-5640,-3116,14108,-292,-83,-38
-5640,-2916,14268,-254,-29,-40
-5592,-3044,14080,-201,-80,-20
-5692,-2940,13980,-220,-58,-40
-5628,-3076,14076,-272,-70,-40
-5812,-2916,14120,-226,-72,-8
-5712,-2876,14072,-188,-84,16
-5620,-2956,14052,-194,-56,-8
-5756,-2976,14228,-245,-33,-34
-5724,-2972,14116,-253,-42,-32
-5824,-2964,14052,-236,-85,-13
-5696,-2924,14224,-174,-60,0
-5788,-2948,14204,-207,-74,-5
-5784,-3004,14036,-256,-84,-20
-5692,-2876,14264,-246,-66,-8
-5692,-2880,14088,-186,-97,-19
-5764,-2956,14200,-197,-55,-15
-5688,-2956,14140,-254,-95,-14
-5660,-2932,14104,-278,-58,-17
-5756,-2840,14208,-211,-86,-11
-5740,-2996,14072,-180,-86,6
-5660,-3032,14124,-224,-52,0
-5756,-2992,14164,-248,-44,-48
-5704,-2828,14264,-258,-55,-25
-5752,-2860,14032,-218,-70,2
-5676,-2976,14104,-156,-80,3
-5800,-2908,14172,-199,-85,-4
-5584,-2948,14216,-281,-89,-36
-5700,-2840,14128,-225,-80,10
-5656,-2992,14016,-175,-69,6
-5760,-2844,14032,-221,-52,3
-5648,-2872,14080,-247,-64,-19
-5732,-2848,14156,-257,-80,5
-5680,-2884,14284,-181,-82,-6
-5772,-2932,14152,-147,-76,-6
-5796,-2888,14152,-258,-68,-9
-5780,-2860,14180,-272,-53,-30
-5696,-2952,14140,-199,-58,-4
-5688,-2948,14128,-206,-64,14
-5692,-2936,14172,-200,-68,-17
-5832,-2972,14044,-272,-64,-29
-5796,-2904,14100,-237,-69,-18
-5716,-2912,14184,-199,-58,9
-5676,-2924,14232,-210,-56,-3
-5804,-2924,14080,-239,-75,-21
-5736,-2948,14160,-271,-33,-36
-5680,-2916,14184,-200,-62,-1
-5624,-2924,14096,-245,-84,-25
-5692,-2916,14036,-270,-104,-49
-5696,-2868,13976,-285,-75,-30
-5640,-2976,14004,-275,-23,-40
-5736,-2844,13968,-178,28,-55
-5696,-2964,14128,-174,-74,-24
-5688,-2988,13988,-212,-37,-60
-5744,-2948,14080,-228,-92,9
-5716,-2888,14088,-196,-115,15
-5744,-2924,14116,-154,-49,12
-5712,-2936,14152,-213,-44,-17
-5692,-2988,13992,-278,-47,-39
-5740,-2848,14208,-256,-74,-24
-5756,-2936,14200,-229,-92,-3
-5596,-2904,14024,-143,-64,40
-5592,-2964,14100,-242,-77,-10
-5756,-2964,14052,-279,-50,-53
-5692,-2988,14216,-212,-83,-42
-5700,-2868,13988,-219,-64,-28
-5772,-3032,14068,-205,-80,-40
-5728,-2844,14084,-209,-40,-26
-5844,-2920,14012,-212,-52,0
-5772,-2960,14140,-206,-120,24
-5812,-3024,14024,-222,-75,44
-5668,-2992,14092,-219,-103,-4
-5716,-2880,14164,-280,-71,-42
-5680,-2932,14148,-236,-53,-49
-5792,-2904,14100,-174,-56,14
-5688,-2856,13912,-214,-65,-40
-5748,-2920,14092,-260,-56,-25
-5824,-2912,14156,-246,-53,0
-5716,-2808,14228,-147,-44,10
-5760,-2908,13992,-192,-68,17
-5812,-2824,14080,-256,-71,-43
-5732,-2972,14172,-270,-72,-44
-5752,-2808,14204,-219,-93,6
-5700,-2860,14160,-211,-94,2
-5660,-2908,14004,-213,-96,-2
-5660,-2972,14116,-264,-84,-27
-5792,-2880,14072,-263,-76,-13
-5644,-2968,14148,-203,-48,-2
-5812,-2892,14060,-222,-58,-11
-5688,-2952,14176,-240,-62,4
-5828,-2976,14112,-232,-70,-2
-5828,-2816,14028,-235,-26,-16
-5720,-2896,14156,-172,-24,11
-5680,-2916,14004,-220,-78,-10
-5692,-2880,14176,-266,-71,-24
-5772,-2884,14248,-208,-87,-3
-5756,-2924,14180,-193,-83,17
-5728,-2976,14032,-179,-78,18
-5740,-2888,13968,-237,-67,-15
-5712,-2904,14140,-254,-56,-24
-5776,-2948,14184,-227,-69,-11
-5824,-2932,14036,-207,-60,14
-5776,-3020,14180,-178,-63,3
-5632,-2964,14032,-259,-73,-21
-5780,-2808,14008,-254,-61,-21
-5676,-2996,13920,-201,-45,17
-5728,-2892,14048,-213,-66,-8
-5692,-2940,14140,-228,-79,-17
-5680,-2912,14320,-235,-68,-12
-5732,-2812,13944,-229,-73,-19
-5676,-2932,14172,-171,-81,7
-5628,-3012,13968,-194,-85,-3
-5728,-2848,14204,-266,-97,-28
-5704,-2836,14212,-274,-34,-15
-5692,-2796,14204,-196,-78,-22
-5720,-2892,14148,-194,-75,-6
-5644,-2908,14148,-225,-68,-8
-5812,-2968,14116,-252,-54,-13
-5648,-2896,13980,-210,-46,-4
-5748,-2944,14184,-220,-36,1
-5780,-2884,13952,-209,-59,-9
-5684,-2920,14136,-260,-42,-20
-5756,-2884,14064,-242,-26,-12
-5732,-2876,14080,-184,-66,16
-5716,-2940,14064,-193,-77,11
-5560,-2928,13996,-235,-79,-28
-5700,-2888,14020,-284,-73,-48
-5744,-2840,14076,-238,-50,-14
-5832,-2856,14092,-169,-70,0
-5696,-2960,14080,-236,-65,-16
-5712,-2824,14108,-253,-59,-24
-5804,-2908,14088,-256,-34,-29
-5772,-2864,14228,-173,-86,22
-5700,-2952,14052,-168,-48,5
-5780,-2992,13976,-231,-39,-11
-5768,-2928,14096,-279,-63,-29
-5828,-2864,14140,-237,-87,-19
-5712,-2956,14124,-166,-89,14
-5832,-2900,13928,-197,-71,8
-5724,-2948,14048,-255,-35,-47
-5728,-2964,14204,-270,-46,-33
-5724,-2924,13964,-211,-57,-12
-5728,-2940,14116,-182,-81,7
-5772,-2880,14132,-230,-96,-5
-5808,-2944,14096,-270,-88,-47
-5760,-2872,14196,-217,-57,-16
-5684,-2868,14060,-158,-47,11
-5700,-2948,14092,-186,-63,-3
-5648,-2864,14068,-267,-49,-9
-5756,-2920,14144,-228,-22,-40
-5768,-2824,14012,-198,-51,15
-5720,-3000,14080,-191,-50,6
-5760,-2904,14136,-221,-97,-22
-5704,-2896,14108,-260,-97,-32
-5704,-2844,14128,-234,-67,-11
-5688,-3004,14096,-204,-61,-11
-5708,-3088,14096,-203,-66,3
-5816,-2960,14292,-284,-42,-27
-5736,-2836,14188,-246,-86,-20
-5768,-2932,14292,-201,-57,-7
-5648,-2968,14116,-170,-59,7
-5748,-2980,14092,-232,-94,15
-5716,-3068,14068,-281,-36,-23
-5812,-2900,14204,-240,-42,-3
-5720,-2964,14116,-181,-44,-2
-5772,-2932,14208,-218,-50,-23
-5652,-2932,14196,-250,-89,-26
-5724,-2928,14300,-258,-75,-21
-5680,-2924,14188,-199,-79,-23
-5736,-2896,13988,-195,-58,-5
-5632,-2944,14156,-236,-71,-13
-5640,-2948,13980,-256,-59,-38
-5708,-2900,14100,-220,-53,-23
-5592,-2864,14084,-167,-70,9
-5680,-2928,14068,-206,-66,2
-5680,-2824,14068,-259,-30,-34
-5780,-2944,14212,-244,-24,-10
-5728,-2856,14100,-211,-36,18
-5680,-2796,14048,-174,-67,3
-5700,-2932,14024,-217,-70,-12
-5772,-2784,14048,-255,-64,-36
-5704,-2936,14012,-269,-63,-28
-5776,-2952,14140,-179,-91,6
-5724,-2932,14236,-208,-78,-7
-5700,-2956,14008,-255,-54,-7
-5856,-2864,14248,-254,-54,-33
-5676,-2876,14052,-214,-106,-16
-5780,-2920,13924,-209,-77,-16
-5752,-2908,14144,-201,-106,0
-5684,-2868,14228,-276,-42,23
-5760,-2848,14056,-266,-42,-31
-5736,-2904,14044,-197,-62,-13
-5660,-2904,14044,-218,-68,-19
-5800,-2948,14232,-201,-46,14
-5596,-2892,14112,-234,-76,-27
-5724,-2888,14052,-356,-75,-45
-5744,-2812,14096,-238,-77,20
-5612,-2956,14024,-222,-69,-15
-5716,-2916,14292,-267,-51,-21
-5720,-2880,14112,-222,-71,-17
-5728,-2996,14112,-250,-84,-44
-5732,-2956,13968,-242,-21,-9
-5680,-2940,14064,-189,-37,-23
-5828,-2912,14104,-278,-9,-27
-5788,-2944,14056,-207,-53,-22
-5680,-2956,13904,-169,-52,11
-5760,-2896,14284,-261,-56,-8
-5712,-2944,13984,-269,-63,-49
-5804,-2840,14084,-247,-63,-30
-5748,-2896,14220,-186,-57,9
-5728,-2924,14160,-140,-89,12
-5720,-2900,14008,-304,-69,-37
-5636,-2840,14100,-275,-50,-31
-5680,-2924,14120,-224,-55,-8
-5648,-2888,14064,-198,-74,3
-5820,-3016,14100,-295,-74,-72
-5752,-2900,14036,-207,-58,-14
-5776,-2836,14052,-239,-64,-28
-5812,-2920,13952,-210,-76,-27
-5756,-2968,14232,-253,-28,-11
-5708,-2892,14160,-205,-43,-20
-5684,-2824,14188,-300,-103,-50
-5756,-2980,13972,-245,-58,-8
-5728,-3024,14004,-187,-72,11
-5680,-3000,14040,-242,-96,-2
-5720,-2976,14164,-273,-73,-34
-5688,-2936,14232,-269,-61,-21
-5792,-2780,14056,-188,-71,-4
-5676,-2764,14184,-183,-62,2
-5644,-2964,14008,-242,-66,-3
-5680,-2884,14024,-265,-79,-26
-5712,-2992,14136,-213,-41,-18
-5776,-2952,14100,-202,-24,1
-5804,-2852,14108,-222,-74,-34
-5720,-2984,14160,-260,-61,-22
-5704,-2820,13868,-212,-82,-23
-5724,-2884,14104,-180,-92,-2
-5752,-2956,13988,-207,-77,-6
-5664,-2944,14032,-246,-80,-11
-5688,-2936,14164,-237,-55,-5
-5692,-2936,14176,-204,-64,-13
-5852,-2968,14092,-170,-67,6
-5656,-2936,13904,-230,-84,-15
-5856,-2984,14216,-230,-66,-30
-5768,-2872,14160,-246,-53,-6
-5660,-2928,14088,-224,-27,18
-5780,-3000,14176,-217,-37,2
-5672,-2916,14116,-260,-52,-19
-5744,-2868,14208,-204,-44,-12
-5796,-2932,14004,-193,-82,0
-5776,-2872,14048,-258,-81,-20
-5776,-2868,13984,-271,-82,-19
-5704,-2836,14052,-267,-73,-22
-5720,-2920,14212,-216,-45,-7
-5856,-2888,14092,-212,-54,-1
-5768,-2884,14004,-190,-65,-26
-5748,-2976,14228,-243,-56,-17
-5772,-2872,14040,-273,-37,-27
-5860,-2976,14148,-178,-82,-8
-5744,-2888,14068,-160,-66,12
-5744,-2820,14008,-229,-44,-8
-5768,-2964,14024,-279,-58,-44
-5800,-2892,14164,-242,-69,-36
-5792,-2864,14232,-241,-81,-28
-5700,-2952,14156,-166,-80,8
-5792,-2940,14240,-254,-85,-8
-5696,-2896,13988,-349,-93,-35
-5812,-2828,14148,-187,-35,4
-5632,-2848,14072,-226,-24,-11
-5648,-2924,14144,-179,-41,-6
-5736,-2896,14060,-206,-44,-11
-5768,-2872,14176,-243,-114,-6
-5692,-2908,14132,-181,-96,-3
-5624,-2872,14020,-244,-22,-9
-5820,-2844,14028,-212,-16,-3
-5728,-2848,14104,-221,-46,19
-5740,-2880,14232,-174,-60,2
-5672,-2888,13908,-203,-74,-33
-5700,-2928,14128,-237,-87,-15
-5800,-2840,14160,-317,-81,-47
-5748,-2908,14168,-231,-66,-1
-5680,-2896,14012,-198,-81,-15
-5760,-2924,14184,-197,-67,1
-5784,-3004,14008,-313,-76,-33
-5652,-2984,13928,-381,-31,-68
-5720,-2888,14076,-172,-44,-9
-5704,-2972,14052,-180,-68,-9
-5788,-2856,14080,-185,-56,18
-5748,-2916,13896,-260,-43,-26
-5724,-2916,14180,-251,-72,-29
-5740,-2936,13976,-201,-70,15
-5688,-3036,14204,-191,-70,-18
-5736,-2996,14140,-234,-86,-1
-5720,-2900,14196,-232,-93,-24
-5796,-2916,14276,-204,-55,-18
-5808,-2884,14124,-182,-67,-5
-5656,-2920,14192,-238,-51,-12
-5664,-2912,14072,-282,-69,-24
-5788,-2852,14248,-228,-66,-9
-5708,-2824,14240,-190,-41,8
-5744,-2848,14084,-193,-50,2
-5772,-2904,14076,-270,-63,-19
-5768,-2944,14184,-241,-69,-29
-5816,-2876,14184,-184,-55,-5
-5696,-2900,14208,-182,-78,-18
-5680,-2988,13980,-217,-92,-15
-5800,-2788,14044,-269,-71,-10
-5740,-2932,14092,-231,-65,-21
-5820,-2924,14040,-181,-57,12
-5660,-2892,14012,-202,-70,1
-5668,-2904,14056,-272,-68,-5
-5752,-2840,14096,-265,-46,-19
-5804,-2836,14204,-215,-74,-33
-5756,-2932,13980,-185,-61,-1
-5704,-2996,14164,-213,-83,-13
-5704,-2984,14016,-281,-62,-16
-5796,-2944,14140,-242,-30,-34
-5736,-2864,14192,-194,-43,4
-5704,-2948,13992,-209,-70,-13
-5668,-2920,14268,-247,-72,-37
-5720,-2856,14228,-250,-85,-29
-5700,-2884,14108,-212,-80,-14
-5752,-2984,14256,-198,-78,12
-5748,-2960,14132,-213,-80,5
-5600,-2940,13960,-257,-58,-41
-5700,-2832,14080,-250,-61,-35
-5804,-2908,14152,-179,-50,18
-5636,-2900,14216,-170,-91,5
-5796,-3000,14032,-252,-42,-29
-5888,-2948,14136,-275,-36,-28
-5812,-2892,14032,-217,-68,-29
-5684,-2896,14228,-170,-56,-11
-5740,-2952,14088,-214,-59,-1
-5812,-2952,14000,-252,-65,-24
-5800,-2896,14276,-269,-72,-14
-5724,-2856,14020,-203,-82,-5
-5736,-2972,13904,-217,-90,-25
-5736,-2896,14096,-259,-94,-29
-5704,-2772,14100,-286,-66,-32
-5740,-2956,14124,-240,-77,7
-5692,-2924,14116,-202,-63,6
-5756,-2988,14000,-232,-65,-6
-5724,-2936,14148,-271,-78,-41
-5728,-2980,14040,-234,-78,-1
-5756,-2880,14120,-199,-33,-14
-5716,-2960,14176,-218,-28,-13
-5632,-2972,14220,-267,-60,-18
-5712,-2888,14008,-273,-62,-24
-5772,-2956,13908,-194,-99,6
-5692,-2904,14044,-164,-85,16
-5764,-2920,14004,-228,-82,-5
-5760,-2856,14020,-282,-67,-36
-5712,-2876,13972,-253,-63,-10
-5760,-2960,14232,-180,-44,15
-5744,-2908,13936,-206,-81,-8
-5696,-2948,13988,-256,-54,-32
-5820,-2924,14152,-246,-80,-12
-5744,-2812,13952,-208,-44,-9
-5668,-2920,14180,-191,-29,-5
-5776,-2908,14048,-240,-54,-11
-5804,-2956,13992,-261,-67,-26
-5688,-2856,14140,-207,-87,0
-5740,-2892,13968,-194,-78,-6
-5704,-3028,14316,-193,-66,-10
-5832,-2932,13952,-256,-73,-10
-5840,-2940,14128,-248,-71,-31
-5800,-2868,14152,-215,-39,-11
-5788,-2964,14016,-180,-59,-5
-5696,-2940,14012,-216,-90,-11
-5788,-2920,13952,-252,-87,-15
-5668,-2872,14104,-248,-79,-3
-5776,-2916,14180,-195,-45,14
-5756,-2980,13956,-189,-79,5
-5720,-2916,13932,-245,-27,-32
-5740,-2836,14160,-252,-16,-42
-5804,-2976,14252,-224,-35,-6
-5760,-2872,14020,-190,-54,-9
-5724,-2864,14136,-205,-70,4
-5736,-2836,14136,-258,-65,-39
-5740,-2916,14088,-225,-77,2
-5780,-2896,14116,-208,-82,-15
-5788,-2880,14128,-190,-71,2
-5712,-2944,14152,-225,-82,-26
-5792,-2892,14212,-268,-36,-36
-5656,-2836,14136,-195,-59,-5
-5688,-2872,14116,-179,-66,17
-5712,-2920,14124,-243,-54,-17
-5712,-2836,14040,-276,-12,-53
-5744,-2764,14124,-250,-64,-36
-5704,-2948,14144,-198,-56,-17
-5744,-2840,13968,-170,-106,9
-5824,-2904,14140,-251,-88,-9
-5864,-2940,14084,-240,-85,-15
-5784,-2956,14088,-215,-80,-23
-5708,-3016,14220,-177,-57,0
-5652,-2924,14108,-220,-68,-11
-5728,-2872,14028,-250,-82,-16
-5728,-2984,14036,-249,-69,-19
-5672,-2952,14168,-194,-100,4
-5788,-2848,14008,-217,-105,-22
-5684,-2936,14084,-261,-61,-18
-5656,-2880,14128,-281,-65,-2
-5736,-2944,13976,-226,-42,-27
-5752,-2964,13996,-198,-30,-8
-5688,-2992,14088,-205,-71,-22
-5752,-2848,14044,-276,-48,-29
-5768,-2948,14156,-211,-64,-22
-5672,-2860,14160,-165,-101,-5
-5756,-3076,14112,-205,-93,15
-5768,-3008,14044,-285,-74,1
-5844,-2908,14228,-270,-79,-23
-5752,-2940,14188,-231,-73,-20
-5724,-2896,14220,-195,-46,-6
-5704,-2972,14196,-219,-101,14
-5668,-2916,14096,-240,-61,-27
-5692,-2908,14136,-247,-22,-10
-5648,-2892,13912,-192,-25,-18
-5800,-2908,14092,-188,-50,-4
-5672,-2904,13864,-238,-48,-19
-5792,-2840,14256,-267,-79,-14
-5836,-2912,14060,-208,-86,-11
-5716,-2944,14016,-177,-64,2
-5708,-2952,14000,-194,-87,-15
-5776,-2944,14096,-272,-61,-20
-5720,-2852,14276,-262,-77,-25
-5740,-2848,14016,-190,-57,15
-5756,-2868,14076,-210,-65,10
-5804,-2936,14052,-248,-71,-16
-5784,-2848,14140,-258,-85,-42
-5668,-2904,14120,-211,-86,-36
-5704,-2816,14032,-179,-38,13
-5780,-2960,14124,-227,-54,-20
-5624,-2888,14092,-259,-73,-36
-5804,-2876,14128,-249,-96,-8
-5764,-2856,14128,-185,-60,12
-5760,-2952,14024,-184,-91,-6
-5744,-2976,14088,-259,-67,-18
-5732,-2932,14080,-282,-64,-21
-5692,-2916,14204,-255,-52,-47
-5788,-2856,14076,-222,-72,15
-5636,-2836,14144,-229,-55,-16
-5696,-3016,14076,-232,-83,-29
-5844,-2956,14176,-231,-50,-23
-5776,-2936,14068,-234,-71,6
-5688,-2956,14180,-245,-43,-19
-5764,-2932,14112,-241,-74,-27
-5760,-2944,14152,-222,-58,-9
-5764,-2884,13892,-188,-76,-15
-5680,-2912,14000,-158,-90,29
-5696,-3008,14044,-217,-61,14
-5820,-2908,14140,-279,-70,-23
-5716,-2920,14068,-276,-74,-9
-5720,-2912,13960,-230,-55,5
-5688,-2944,14156,-206,-81,-17
-5680,-3024,14148,-226,-59,-1
-5632,-2916,13936,-295,-47,-43
-5756,-2996,14052,-176,-19,1
-5788,-2932,14200,-190,-89,4
-5664,-2960,13988,-228,-59,-23
-5784,-2952,14004,-273,-19,-47
-5676,-2948,14280,-262,-64,-44
-5712,-2904,14068,-233,-47,-15
-5648,-2868,14008,-128,-61,26
-5808,-2880,14224,-256,-113,-46
-5724,-2872,14048,-311,0,-65
-5756,-2828,14128,-183,-30,3
-5708,-2948,13972,-223,-48,2
-5668,-2904,13972,-259,-125,-106
-5636,-2976,14112,-243,-70,-33
-5684,-2984,14060,-180,-80,4
-5732,-2968,13996,-154,-60,-9
-5808,-2880,14080,-224,-42,-7
-5792,-2968,14356,-235,-20,-34
-5700,-2892,14096,-234,-45,-16
-5700,-2804,14264,-236,-64,-44
-5696,-2884,14228,-111,-60,9
-5740,-2928,13916,-189,-82,6
-5732,-2884,14080,-268,-77,-11
-5748,-2784,14036,-274,-73,-5
-5724,-2952,14188,-223,-63,11
-5680,-2928,13864,-276,-16,-40
-5688,-2884,14316,-247,-42,-21
-5732,-2956,14012,-272,-72,-34
-5760,-2912,14204,-219,-68,-6
-5736,-2916,14124,-149,-65,15
-5744,-2948,14144,-185,-47,5
-5696,-2852,14104,-286,-4,-20
-5768,-2816,14140,-227,-35,11
-5748,-2912,14132,-252,-52,-44
-5796,-2904,13968,-206,-55,-19
-5788,-2976,13992,-221,-96,-8
-5904,-2824,14052,-235,-83,-1
-5756,-2864,14056,-218,-22,-2
-5768,-2848,14048,-200,-69,-7
-5708,-2892,14172,-229,-60,-20
-5712,-2912,14060,-356,-78,-69
-5772,-2928,14312,-287,-74,-40
-5712,-2892,13928,-241,-79,-11
-5612,-2888,14080,-231,-70,-14
-5708,-2908,14056,-171,-95,18
-5700,-2924,14104,-261,-46,-24
-5864,-2800,14176,-259,-15,-3
-5736,-3020,14048,-211,-33,-16
-5732,-2988,14180,-243,-72,-41
-5708,-3004,14064,-245,-77,-22
-5768,-2820,14004,-217,-85,-10
-5784,-2812,14164,-229,-77,-12
-5660,-2960,14124,-230,-98,-4
-5644,-2980,13992,-236,-98,-8
-5696,-2928,14076,-307,-66,-30
-5768,-2880,14076,-202,-30,-25
-5788,-2924,14040,-190,-70,-18
-5704,-2876,14004,-235,-84,-17
-5708,-2944,14116,-337,-79,-64
-5732,-2996,14076,-256,-48,-37
-5676,-2864,13996,-158,-50,14
-5704,-2900,13844,-237,-70,-22
-5752,-2972,14040,-231,-62,-18
-5712,-3064,14008,-272,-34,-9
-5612,-2916,14208,-217,-76,12
-5760,-2904,14104,-126,-104,22
-5828,-2960,14004,-185,-81,-2
-5876,-2920,14140,-212,-94,1
-5816,-2836,14032,-268,-59,-20
-5744,-2920,14096,-261,-74,-49
-5636,-2968,14044,-192,-53,-21
-5728,-2844,14128,-237,-53,-31
-5672,-2888,14160,-237,-91,-15
-5712,-2908,14020,-257,-70,10
-5684,-2904,14068,-242,-65,7
-5688,-2892,14076,-233,-58,-31
-5692,-3032,14012,-279,-48,-41
-5608,-2912,14128,-222,-56,12
-5808,-2824,14212,-169,-65,-6
-5692,-2960,13984,-205,-108,10
-5696,-2988,14124,-351,-124,16
-5740,-2976,14092,-287,-79,12
-5768,-2932,14076,-280,-83,-17
-5736,-2900,14152,-234,-96,7
-5640,-2904,14156,-238,-63,15
-5800,-2968,14028,-244,-77,-12
-5736,-2904,14052,-267,-65,-19
-5732,-2936,14048,-216,-51,-12
-5644,-2908,13984,-171,-27,-1
-5640,-2932,14232,-249,-49,-9
-5712,-2924,14116,-255,-70,-29
-5684,-2968,14212,-221,-43,-15
-5724,-2884,14112,-145,-57,14
-5680,-3028,13996,-293,-95,26
-5648,-2920,14108,-301,-72,0
-5836,-3044,14380,-241,-150,-37
-5604,-2924,14024,-197,-38,-14
-5700,-2988,14196,-311,-52,-68
-5816,-3036,14148,-234,-26,-22
-5696,-2936,14140,-262,-70,-35
-5772,-2996,14148,-248,-90,-18
-5692,-2972,14056,-146,-86,1
-5724,-2964,14144,-220,-44,15
-5696,-2928,14004,-258,-26,-24
-5744,-2916,14256,-277,-49,-29
-5652,-2904,14080,-189,-47,1
-5672,-2940,14148,-203,-68,3
-5732,-2996,14140,-172,-77,-2
-5704,-2988,14048,-247,-81,-17
-5800,-3020,14176,-259,-67,-28
-5696,-2820,14080,-215,-61,-6
-5772,-2916,14228,-180,-79,4
-5660,-3060,14060,-262,-97,-34
-5640,-2868,14152,-268,-97,-35
-5688,-2916,14224,-230,-80,-5
-5820,-2924,14236,-171,-72,-2
-5680,-2996,14140,-217,-53,-1
-5724,-2916,14072,-273,-78,-46
-5680,-2860,14088,-147,-40,6
-5772,-2956,14108,-215,-77,-4
-5700,-2960,14264,-215,-95,-24
-5616,-3008,13924,-231,-90,-12
-5776,-2868,14096,-230,-74,-10
-5624,-2912,14180,-238,-75,-21
-5752,-2948,14140,-193,-59,-15
-5668,-3016,13944,-200,-65,-1
-5676,-2936,14180,-234,-118,-33
-5680,-3000,14204,-212,-68,-17
-5676,-2936,14072,-224,-43,-16
-5632,-2892,14140,-197,-99,-23
-5668,-2924,14100,-151,-71,18
-5624,-2912,14008,-243,-14,-20
-5840,-2960,14192,-212,-21,-59
-5664,-3072,14052,-164,-11,-9
-5724,-3068,14168,-179,-71,-2
-5736,-2948,14056,-237,-136,-6
-5812,-2992,14080,-280,-98,18
-5704,-2872,14108,-204,-100,29
-5652,-2972,14040,-190,-95,6
-5764,-3016,14204,-268,-65,-17
-5700,-3032,14156,-267,-51,-22
-5744,-2976,14088,-200,-35,-18
-5764,-2896,14028,-188,-52,3
-5796,-3036,14060,-140,-36,19
-5800,-2928,14024,-138,-15,26
-5724,-2876,14160,-108,53,28
-5772,-2952,14088,74,161,50
-5876,-2796,14160,140,345,67
-5812,-2768,13996,27,336,2
-5956,-2812,14136,-1,324,-75
-5920,-2868,13816,145,455,-60
-6224,-2616,13992,-4,578,253
-5692,-2892,14192,256,497,-29
-6168,-2664,13892,159,544,33
-6092,-2544,14040,130,442,36
-5272,-3620,15764,-11108,-2525,-4150
-3280,-612,14676,12769,281,9018
-1196,-7964,5652,13456,-1761,-68
-6680,-11700,13020,10244,-4831,-163
-7080,412,15040,-3090,5456,2472
-18164,-5036,28240,-20432,6279,16640
-5640,-248,18804,-1001,-1975,4538
-7684,-764,17568,-8850,-3371,948
-6012,-5268,17756,-1204,-1641,-1681
-5812,-5852,11776,-874,-1547,-1740
132,-4288,14392,-6248,4072,4226
-3820,-4672,13844,2517,2210,-4744
-3168,-6052,11936,26475,3201,-5304
-4312,-3640,13428,3010,377,-717
-4760,-3120,14316,-629,-624,268
-3488,4628,14128,-10761,-2712,-521
-1088,-3352,17128,2838,63,752
-5300,-2640,15376,13403,141,2124
-4924,632,16004,9321,-4374,7515
-3132,-3664,17280,659,-8016,246
-2484,-1748,19380,24028,-13914,-10707
-884,-120,18668,-1508,-15943,3870
-3968,-940,12528,10682,-19083,-14495
824,-916,15464,-10189,-9579,-1686
-1368,-1320,11464,-7441,-10263,-13080
4320,-424,18344,-6089,-12105,-14127
3276,3264,13504,-484,-6288,-19882
3328,1804,12320,3668,-3451,-18116
3388,3732,11728,585,269,-15022
2780,6104,13968,-12086,11419,-13993
-156,6840,11568,-11534,9918,-2888
564,3868,15252,2226,11656,-2407
-2420,5268,15032,-6169,17702,4517
-936,388,18672,-7168,9045,9622
-280,-2508,22052,-9557,6895,11801
-4300,4356,12460,-12840,6404,19396
-4872,-4524,19188,-10259,6089,21320
-5608,96,14192,6601,3903,13825
-4012,-6476,21880,1747,-6582,8586
-6136,2844,14328,19236,-14180,5714
-2676,1880,15360,723,-11117,13717
-912,1380,17928,1571,-15650,10363
420,320,16884,-3531,-22219,-650
844,-3684,14672,-300,-19936,-12248
1728,2832,11648,-4952,-11846,-19570
5948,3776,16444,-10500,-8718,-19574
3528,2200,10528,-15395,-3594,-23032
4348,3100,12388,-11965,2267,-15593
3624,5852,12060,-6963,6418,-13201
3628,2404,14720,-3588,8794,-8176
1340,3420,11664,-8032,12758,268
1040,2176,14332,424,8132,-505
2092,-1668,22284,-1594,10632,1455
-5640,4092,8568,2100,16188,11188
-3384,-1540,14288,-4623,4254,6769
-3856,944,14940,-9582,13276,10682
-4772,-688,14752,-1001,5245,8643
-6684,1312,15756,-15806,9958,25645
-6564,2872,15080,-234,1144,25503
-6404,-2008,17376,963,-2592,19065
-4840,5320,20028,13638,-19028,16351
-5440,-1548,12824,-9495,-12463,16000
568,-1124,20088,-9798,-15653,-354
-640,-4024,14560,3499,-20902,-7758
3228,2920,17304,-5461,-16766,-12654
1972,1868,11516,2899,-15732,-12369
5212,3768,13288,4172,-13565,-13562
4380,1140,10452,3784,-12151,-12049
6580,3796,10980,-15423,-2377,-15480
6424,4916,13084,-9605,727,-25021
4576,8340,9384,-6211,2410,-15216
4772,6588,16012,-10957,11141,-12192
1072,9608,11796,-3969,14373,-8331
3032,2268,19712,-10474,14066,1666
984,464,19524,-15295,13304,8078
-2000,3408,13932,-6502,15529,11693
-4148,956,15616,-592,12536,12275
-3788,1368,18108,-9500,14529,15151
-4844,4108,17108,-8731,6248,13579
-8276,-2712,16004,-12783,6646,17343
-6192,2580,15460,-387,-1432,17316
-6608,-4148,18228,1489,-2611,10228
-6256,5020,16248,14358,-15357,5167
-2840,152,19552,-2548,-18400,18878
-2944,268,15372,-1056,-22273,7472
-388,-992,14068,-2006,-22535,-1560
1748,-212,14024,-2567,-17778,-11980
4800,2512,15164,2343,-15195,-25433
4080,4444,11936,6291,-10579,-20959
5064,6520,12168,-13300,-8156,-22934
4636,4768,11616,-6700,-4627,-20039
2264,9800,8676,-12961,4515,-12640
-2004,9444,9056,-16424,18004,-4510
1004,6608,16300,1985,16680,-2723
180,4648,17444,-6500,12770,6453
-48,4628,19040,-6421,10180,9832
-5872,2572,7380,-9152,18086,14453
-2172,2232,21772,-3226,7974,12109
-8104,5768,10548,-17285,16310,21692
-4004,8,20672,3500,1040,14261
-8084,-4852,13960,-1743,-2623,10846
-3584,4108,18956,-2706,-7945,6450
-3316,2932,18112,6393,-14709,9498
-3336,-840,18352,1490,-17276,11594
1108,4668,16800,7717,-20247,1548
1648,2260,15372,3995,-21449,7133
920,1836,10200,970,-14447,-3511
4512,816,16080,-4230,-13863,-10582
5972,5936,12644,-4166,-11348,-20010
5616,3892,13112,-5795,-9097,-21588
4332,7824,8432,-762,-8459,-20547
3276,10708,8676,-11885,4502,-13114
3272,8212,11072,-18299,9185,-2124
3072,6588,11452,-2891,10269,-5364
1228,6672,13428,-958,16698,-4880
-1872,4892,12996,21,14776,1232
1924,7028,26700,-7989,20364,4759
-4988,5868,12348,-16575,11008,12294
-964,1656,23848,-5409,9521,11381
-7008,2828,11672,-16197,3475,21700
-2736,-1980,18784,3809,1042,5885
-6104,5968,11572,2822,-1556,21195
-3824,-2744,19152,-2687,-2374,10427
-3120,3780,16960,4525,-15498,9690
-2272,1052,16004,6580,-15185,6853
972,4084,15880,3873,-15080,9042
-480,556,12716,-973,-11228,-2219
2876,4468,15268,-3874,-10557,-7513
2664,624,14700,-2684,-10591,-16139
4820,3568,15636,-5456,-12501,-14168
4616,6344,12952,-7320,-7157,-15164
4500,2240,14740,-13057,-4003,-10020
3892,4944,10164,-6135,-2380,-14616
4012,3384,11628,-7711,4221,-9350
5200,4992,14700,2947,5290,-9097
3668,4728,13728,-4785,7681,-7740
2788,6112,16668,-7184,12473,-2555
-848,4320,11652,-133,11616,-232
820,3432,18272,-4301,10722,2543
-5284,4588,8472,-5867,22781,9379
-2024,-652,21108,-5378,6809,6645
-5552,8620,13816,-10438,11051,21812
-4876,-4720,19192,1640,684,14231
-4532,5716,15840,3514,-2143,15961
-2732,-3344,21232,-6025,-9137,17179
-2436,3444,17896,-5391,-11602,10926
-492,1576,18896,-389,-22695,15507
740,888,13800,1454,-17796,2352
2312,-3072,15936,421,-22376,10615
4240,1864,12676,-913,-11324,-13547
3208,0,10180,-1306,-13043,-16145
8820,5972,16164,-6714,-10969,-21626
6128,4836,9168,-5213,-7605,-18141
6492,9004,7116,-2095,-1700,-20409
3260,5332,9016,-2631,4665,-22916
3572,9556,13200,-16504,15495,-10929
3352,10084,13176,-1031,14216,-8093
2784,7692,19968,-1616,13272,-6346
-3796,5016,5556,-2916,18080,4195
1264,3508,23164,1004,8393,2402
-6588,6264,9360,-16455,21081,12627
-3868,3948,17036,-3758,5127,7589
-5872,5632,13152,-11888,14214,21606
-6012,3188,17084,-1320,1260,21391
-5052,5784,17820,-5448,-1955,28553
-3252,-2928,21196,-395,-15372,22711
-3604,3820,13884,-358,-15538,5826
236,-532,16232,-7038,-18488,6437
3308,1912,17700,-3675,-18121,-9946
2872,652,14240,-4480,-20741,-9197
5652,5160,13844,-1272,-16712,-17345
2796,3584,7028,-776,-14115,-15728
7144,5156,11648,-6654,-6854,-15272
7644,5948,11424,-4711,-2134,-17175
3776,6428,7600,-14380,7602,-13556
3948,7900,10924,-14064,14349,-10114
2412,7508,12464,-1356,13683,-10436
1808,4096,17216,-4061,11419,-1827
1336,4784,18588,-11664,10281,1098
-3072,4920,6072,-4857,12401,8385
-860,824,19332,174,7483,6111
-6952,3244,9948,-11858,17771,12357
-4056,-1236,18356,-2113,2075,5238
-6548,2816,11892,-7470,9438,17087
-4864,1596,17436,706,-1772,11546
-6112,4812,15900,-2224,-481,25771
-5508,-4740,18808,4099,-6556,10987
-2468,4376,20620,11136,-21231,2905
-3448,1048,16204,-273,-20493,16464
1724,1832,18652,-3013,-20153,10831
724,-368,11468,802,-25400,1934
4476,2044,12552,-3208,-16630,-8670
4988,2836,10512,-3815,-15874,-8962
7784,4192,10364,-4802,-13360,-12686
8716,4928,10216,-9548,-10268,-11204
6876,2520,8464,-11402,-2812,-15181
7924,7192,8216,-28937,5555,-18532
7964,3860,14356,-21058,14202,-8320
4436,3260,12408,-5353,21218,5665
2596,3052,10960,-63,13731,-4304
1768,2512,23032,-6337,26787,5671
-5348,3740,6148,-1191,24623,4707
408,-2948,32767,-3574,19790,12278
-7736,4668,8984,-14641,17513,13263
-2944,-316,25784,-3943,5941,12066
-7636,4680,11980,-8033,1756,12244
-7568,8,15476,-533,-7817,23212
-7416,5684,12844,4801,-6645,15138
-4976,-804,18344,-2704,-15532,25846
-960,2292,20468,11356,-27317,7236
1236,2420,16944,32767,-32768,8422
1344,7700,6024,16375,-22784,13608
6316,7824,10500,-3010,-14989,12128
9564,6516,13612,-6362,-20885,2905
10200,10660,5260,-17075,-16332,-5849
10360,4520,8684,-32768,-11682,1360
10380,3520,8076,-32768,-2317,-19354
6852,2868,6544,-32768,3862,-23267
10912,2960,11820,-32768,6727,-20096
8472,628,10808,-19557,10270,-9479
7312,2216,11640,-25383,15793,-3898
6020,-2684,12444,-19535,18348,1493
2988,-3000,18740,-6097,23155,13068
-3732,1536,10212,1631,22279,13832
2776,-10692,24644,9339,12540,17060
-4748,-464,13160,9029,10653,25024
-4976,-5084,17064,23193,4246,8740
-5616,7876,12964,19569,17659,15795
-6972,668,14752,22033,-798,20625
-2948,12352,12632,32767,1672,16061
-4408,11468,12968,-5507,1563,21237
-3780,9856,12716,-9178,-8733,16191
-1016,11164,12016,7035,-13896,16150
848,4448,14060,-11358,-8857,7526
3772,7072,15584,-32768,-12874,-245
3980,3184,13504,-8238,-11434,-6882
4544,7068,14364,-18513,-12338,-9695
5832,2556,12616,-19716,-12883,-11283
6576,-976,12264,-18717,-7582,-10695
8168,-1564,13472,-25953,-6909,-15096
7596,-944,13192,-11480,428,-16178
8048,-876,11376,-18249,1699,-14484
6488,-2556,10332,554,17478,-5376
3508,724,13352,5718,25232,-2674
4080,-1344,17384,-6292,17102,1002
-744,-104,11032,2896,14095,11173
2704,-1744,21972,2757,13223,2621
-3444,1676,12392,9447,14310,10542
-2256,-140,16232,4381,3962,8610
-5964,4128,11588,1452,14918,10688
-3564,-372,17444,9734,2282,14818
-4820,2100,14584,-64,2703,22706
-3808,-1172,18100,5929,-3487,2876
-4480,2068,14144,-334,1164,3224
-3276,1928,17308,-1447,-3889,3485
-2472,724,18020,-1907,-7103,-2992
-3348,1308,15540,408,-11048,-3321
-1320,2656,14160,814,-10715,-3864
-600,1452,12704,-1507,-8077,-2975
1136,2044,15240,-2694,-6919,-2826
784,2560,13764,634,-5706,-2276
856,2056,12256,2536,-1952,-384
-1936,324,7036,-7540,10324,4406
-1240,1476,17188,-6518,23454,-980
4008,-4332,32552,-8373,-5575,-2764
260,3612,19540,8298,-20171,-5307
-1320,612,5808,16621,-12109,2339
-5232,572,-896,-6785,10994,1440
-1556,3584,19524,-10918,27704,-14
3224,-712,31788,-2855,-1286,-3658
2992,280,25604,8129,-17813,-3144
-2752,1936,6736,12615,-20148,4160
-2884,804,2332,-6673,518,2590
-4684,952,7760,-13172,25834,-438
4408,-1816,32767,-14568,8916,-2394
4852,-2244,29848,9107,-15244,-6472
-2076,696,7700,23132,-22577,-316
-4608,960,-2072,-18805,2149,4099
-5896,2708,9700,-14832,28554,5534
5612,-8744,32767,-13655,3688,-5047
2832,-2076,24248,23040,-16195,-6311
-3344,948,2912,24155,-18370,3422
-4112,-1992,-1588,-14116,10336,2332
836,2836,26044,-15725,27349,3198
4648,-868,32272,2980,-10451,-4779
736,-104,16256,18697,-21731,-4033
-3312,1400,-660,-3324,-7350,4873
-5352,-760,1752,-8867,22438,2326
8932,-5740,32767,-10724,4756,-4655
5688,848,26752,12065,-17051,-3187
-1272,424,5108,14001,-20011,2964
-2780,-1876,-2592,-4637,4853,-911
-1968,5532,15780,-13552,32767,3341
8264,-3100,32767,-2002,-1593,-3916
3020,-728,21276,21107,-22523,-5521
-1848,1372,-124,550,-9848,6061
-4116,284,-2768,-2345,14447,2322
3324,1864,32208,-26688,27681,1439
7644,-1888,32767,4495,-10561,-4034
1412,468,16592,10876,-27096,972
-2460,560,-1428,1897,-7525,4327
-5488,1132,-3820,2246,20295,1337
7772,-1872,32767,-20893,20948,-2023
9132,-3296,32767,12448,-13335,-6186
60,1508,11156,12436,-23615,-341
-2888,1136,-1832,-341,-2911,2673
-6176,1164,-972,-5504,28554,-711
10908,-4728,32767,-17032,7646,-6196
7100,-1252,28864,16919,-19164,-7372
-1512,2324,3700,13547,-20976,4706
-3340,748,-3456,-13455,7188,5870
2932,448,25444,-24116,26513,5007
5984,488,26028,3327,2447,-623
2140,-2504,16032,2383,-3491,2029
-760,-156,10556,-1735,-76,594
1424,476,16504,-972,1641,1358
2108,-1044,17108,-1217,106,1881
1292,-748,14972,233,-811,-28
1232,-584,14848,654,37,31
1368,-76,15500,-116,179,180
288,-7016,14724,-850,1075,-4254
784,-7384,16784,662,647,-18270
-40,1836,15772,7981,-1446,-22426
412,7668,13844,-3787,742,-10594
1404,5668,16088,2453,-165,-6875
1656,2572,16548,-3677,935,2818
920,128,15072,-534,-281,1525
928,-652,15716,-781,-312,596
904,636,14896,391,-89,-85
1236,1008,15432,-665,222,112
1304,496,15928,-705,-135,-96
1040,808,15436,-49,-15,45
1004,368,15572,30,-230,-115
1132,664,15356,314,-6,15
1196,76,16132,-1106,-486,119
1140,380,15312,-1016,-52,544
1052,476,15360,6,59,51
1304,448,16008,-432,247,245
1048,464,15364,592,27,30
1128,-152,15736,-1600,-319,443
1052,236,15452,-327,-40,216
1080,-4,15672,-1014,-33,-58
1000,620,15608,-1034,30,334
992,788,15268,618,-153,-256
536,4448,15932,-2652,-198,2183
-996,22016,12744,-7710,-1492,27177
-4008,-3544,12056,5189,4189,32767
-3476,-11692,19656,601,8620,22615
-2408,-7400,19236,3703,-474,7972
-1232,-2420,16136,621,-1164,-1494
88,1720,15040,-192,-1801,-2764
252,1820,15344,-848,-567,-106
64,-752,15972,-743,-714,33
-728,464,14708,-807,-391,-199
-112,1380,15904,278,-670,-1429
344,692,15784,740,-382,-564
-60,588,15072,1443,-583,-557
348,1144,15828,-530,18,-175
-152,1012,14788,400,147,399
148,676,15628,32,-147,356
-508,-3620,15608,-539,-30,-326
-444,-14456,22952,-3288,-2879,-29212
-4884,-4088,14792,15602,-5419,-32768
-1912,17568,13192,-1062,-9448,-23721
-240,11172,13236,25,1113,-9319
488,7660,13736,1193,1849,-1653
2392,1788,17844,-2179,-153,2049
1512,-820,17084,126,-241,313
472,756,15236,-1222,-728,556
336,1888,14084,426,-134,-334
1220,1544,15464,-141,-94,-17
1264,960,15764,-833,-259,693
824,1508,15260,477,-314,17
864,1284,15340,-201,91,2
1348,740,16476,624,-29,-230
912,1472,15016,-232,-316,-60
1204,1232,15384,-809,-137,470
1008,1508,15412,576,18,165
944,1564,15120,236,-274,202
1076,1812,15072,489,-1,36
1192,1336,16140,-176,-73,-131
1056,1700,15628,-201,-162,203
872,1748,15176,0,-100,151
768,3572,15168,353,39,1827
748,8428,14936,2602,-1303,11811
-1732,13052,12272,-5368,2975,29175
-7348,3068,12476,-8703,12347,32767
-3468,-18256,19280,-7466,11457,32767
-1484,-6372,22472,689,-2197,-1683
-1376,-896,14540,5109,-4210,-5239
84,3068,13420,-2298,688,-2614
608,2380,15124,236,586,-567
528,-520,16932,-2230,214,551
-316,-756,15700,2218,-1075,-1817
-604,-48,14456,-846,78,-1654
428,1144,15872,67,-252,-1023
260,448,15280,1753,-71,1
32,544,15604,-942,-128,739
116,68,15744,-967,-310,530
-228,-236,15176,-789,56,-477
216,384,15708,-634,-187,-138
236,584,15356,-1289,64,728
36,404,15444,862,-529,-563
116,36,15680,-1066,229,255
60,348,15504,-780,-444,162
112,320,15384,-120,-65,62
172,496,15596,-41,39,-31
260,472,15584,963,-143,7
236,824,15764,1941,-1865,-34
-60,28,15076,-49,48,66
292,604,16084,349,-330,-902
-592,-12448,15744,-4829,906,-10533
-5692,-9780,18556,183,-8469,-32768
-2836,11628,15868,-6586,1395,-32768
-1104,9680,13040,9575,-54,-18171
-84,6304,14508,-1906,3140,-2433
1364,2668,16312,-1304,713,1239
788,-736,15552,-1311,8,2126
312,-428,16020,-106,-506,349
172,700,15932,635,-43,-451
756,828,15720,-1080,20,-11
748,392,15720,-1728,-213,750
312,332,15420,-269,-255,35
316,472,15136,-708,-240,345
604,156,15512,449,-228,110
692,232,15988,-1372,60,336
804,692,16084,-170,-222,104
560,76,15544,-130,-316,-113
432,260,15416,-616,198,191
688,268,16208,-121,-164,-75
540,372,15116,-251,49,105
488,16,15808,-336,-106,77
624,436,15580,-11,-78,-277
604,632,15676,28,-330,-183
464,2104,15760,913,-153,521
748,13808,15848,-1721,-932,13509
-7340,7204,7480,-10298,5406,32767
-6108,-19456,12640,-9915,8925,31839
188,-5632,23100,1093,-2459,10032
-2400,-9348,16192,673,-510,-2725
-1240,1872,13820,4883,-2571,-6498
-1004,1140,12560,-1479,1420,-916
284,-672,17304,-341,448,510
-784,-3340,16616,-1382,-923,-360
-1056,-436,15448,-37,-1012,-1560
-1076,-2516,14596,-904,478,-2306
-292,256,15556,1144,-445,-3147
-228,-780,15420,756,-416,562
-724,-476,15308,-611,65,-276
-592,-1092,15796,-324,-154,733
-480,-816,15164,-69,-236,-85
-588,-1132,15616,-378,-64,-362
-436,-852,15832,-571,101,73
-468,-828,15452,-108,-450,-145
-368,-668,15536,528,-40,-316
-204,-864,15508,-256,-484,200
-344,-548,15496,455,-150,-70
-348,-900,15580,-583,157,51
-404,-464,15268,580,170,139
-180,-736,16140,114,-485,59
-384,-324,15288,167,-362,220
-228,-576,15888,521,-10,-7
-244,-556,15796,161,-96,1293
2920,-5056,23516,-8195,-4723,-3288
-6548,-20280,12348,29665,-18233,-32768
-3256,17984,11180,-32768,10586,-24144
-204,10540,16444,9897,7108,-14547
1660,3096,19768,-2021,2241,246
620,-1048,14396,3612,-371,-526
104,-2232,16404,-2602,-811,1645
-424,-1752,15868,1297,-701,-1445
-252,968,15080,-1244,-459,-298
464,84,15552,-6,153,107
616,-636,15876,1688,-250,169
112,-1188,15788,329,-565,517
-36,-312,15048,-53,-175,3
160,156,15348,-725,-57,375
520,-120,15744,-613,115,536
348,-948,15496,-170,-621,97
212,-124,14920,2435,-451,-136
220,88,15700,-790,204,377
388,-604,15936,-1115,99,339
720,-1196,15884,1840,-197,-804
76,228,15368,468,-102,228
184,792,14772,-4655,469,445
388,-552,15864,668,515,-480
128,272,15288,-825,0,385
308,876,16432,1429,-726,319
936,16192,16128,-4716,-1365,16223
-8348,7592,7236,5569,-118,32767
-6508,-5208,18824,5879,10697,32767
-6208,-28696,17868,-4716,6865,12476
-4736,-4436,15868,5999,-3735,-482
-1828,1072,13084,380,962,-3903
556,4048,15036,345,-176,-844
332,320,15844,1498,-1884,-1544
-328,848,16492,245,-334,491
-1088,636,15720,-1443,-259,-1466
-568,2360,14232,1817,526,-1678
100,1064,16388,-1344,-379,967
-524,1760,15260,-392,-773,937
-572,1040,15376,-213,-641,1092
-272,1704,15336,83,57,-105
-112,1540,15940,-811,174,56
-624,832,15136,822,-310,-870
-196,1420,15508,-618,716,411
-648,1032,15680,-129,385,-527
-552,1124,15520,269,-85,-687
-564,1260,15408,-318,-148,-143
-604,1372,15532,-461,399,-312
-456,1160,15496,797,-207,-801
-288,1444,16028,-164,279,-242
-956,936,14728,331,118,-473
-464,1688,16200,87,272,-1143
-576,1680,15008,797,-304,14
-512,1644,15408,-80,419,675
-660,1108,16832,361,-11,-1084
2584,-2184,28396,-1205,-13355,-3745
-2148,2180,12920,295,-21868,-1749
2788,3484,11572,-10288,-16666,-5211
5392,608,14152,-7809,-8644,-1027
5776,-852,11020,-1031,-4395,-6002
6964,2044,13312,-2893,1437,-2230
7004,192,14660,23,477,-175
6600,-536,14896,-933,-140,-23
6388,-752,14328,433,-56,-242
6444,-1056,14472,-550,-320,-277
6524,-312,14284,696,268,-73
6436,-172,14372,-1006,259,366
6220,-428,13908,817,553,731
5968,-736,14704,-241,744,414
6644,-536,15132,-409,50,187
6308,-268,14400,-311,-381,-39
6096,-92,14136,-192,58,206
6412,-372,15020,402,-292,-720
6132,-596,14144,264,-20,313
6040,-796,14484,-470,179,8
6028,-248,14380,266,247,-128
5916,-1140,14732,-1310,476,474
3488,-23416,17116,-5143,3627,-24909
-2356,5644,14156,-19737,2585,-32768
6676,13016,25788,-11695,14679,-14600
3832,8568,14176,6430,1235,-6115
4568,1008,14204,3388,-650,-2112
4392,-688,14916,-2295,-787,319
3960,-2044,15144,-1371,-208,763
3716,864,15228,-932,-655,-992
4648,492,15228,-456,-1249,-400
4552,-1056,15544,-244,250,647
4144,-572,14472,-914,0,58
4356,-904,15476,-326,-481,-438
4248,72,14692,-244,367,202
4436,-412,15092,374,-71,-284
4600,-552,15916,-369,-326,153
4456,-484,15280,-598,68,97
4364,-68,15092,-7,-163,-37
4448,-724,15436,-154,-37,120
4388,132,14588,55,-130,109
4268,-548,15452,-774,-126,273
4240,-264,14420,55,302,451
2848,720,10248,992,3929,1934
-8492,3572,-4084,2020,32767,1327
-4272,2520,28956,8000,32767,6134
-4776,-3060,26856,-4451,-1191,-446
-1908,-552,19488,5770,-5462,-1484
-5012,-984,9620,-3092,-2157,385
-4824,3208,13504,779,1605,-522
-3244,1128,17260,-1287,405,64
-3244,-432,14756,-419,-1142,652
-3572,-36,15292,203,-635,-170
-3556,904,15780,-318,-101,189
-3400,748,14708,-518,-486,115
-3676,664,14488,385,-155,42
-3468,584,15128,-1213,26,555
-3304,668,15064,-498,-165,9
-3784,-36,14516,531,61,-404
-3224,592,15848,-873,-256,-323
-3668,336,14480,404,-347,-417
-3408,1032,15260,-468,-52,7
-3292,900,15148,763,-123,-225
-3436,1828,15536,28,-406,813
-3260,7948,15536,-3568,-1432,7863
-6668,10592,11636,-32768,2823,32767
-7548,-5260,11620,-4762,724,32767
-9884,-21032,14572,5006,5995,7162
-7072,-4976,16720,12923,-1946,-10708
-3716,1580,14192,4699,-3917,-5518
-2404,3204,12808,7457,-3275,-2697
-2024,2512,15268,362,-493,243
-2868,372,15760,1827,-2287,421
-3748,204,14280,-79,-946,77
-2428,2004,16228,-1165,213,-1562
-2512,1240,14848,2114,-1050,-522
-2020,1492,15816,-17,-387,237
-2792,1024,14764,-251,769,2002
-2560,1036,15688,533,-308,-1521
-2612,1520,15176,1180,3,-1652
-2604,1796,15128,619,478,-2449
-2688,1456,14992,217,-67,-1088
-2916,1756,15244,431,78,-1490
-2780,544,15256,-524,-749,-988
-2560,2048,15000,-577,40,-630
-2716,1340,14908,-333,-241,-577
-2584,2148,15552,101,-199,-894
-2760,1176,14792,254,-125,-62
-2816,1464,15064,-251,-349,-209
-2572,1460,15288,78,-98,-223
-3004,1368,14852,-865,153,-199
-2780,1936,15176,-2747,1374,28
-3540,1036,13724,-4182,3282,-407
-3272,108,16240,-5622,5470,-1213
-4168,448,14960,-3497,3494,781
-5064,244,13412,-6256,9575,-3403
-4800,-1608,15684,-4323,3596,2026
-6444,-1924,14628,-798,1387,1623
-6048,-1600,13608,-1721,2185,1501
-6072,-1632,14192,-2748,2511,1310
-6312,-2204,14472,-1809,1643,-171
-6716,-1984,13752,372,-524,55
-6656,-1964,14212,1145,3020,-1128
-7060,-2436,14224,2364,-175,-1094
-6396,-1448,13656,1359,88,13
-6560,-7680,31936,-13626,993,2221
-7496,-3068,15844,-14563,6677,-4601
-4736,-3752,11304,-1383,-330,-4447
-3436,6240,11812,-21322,13401,-6703
-6972,-4048,12040,9544,3656,-1829
-7320,-2256,13828,283,-359,-1826
-7100,-2288,13668,157,-2,-479
-6960,-2424,13576,113,1,-404
-6808,-2364,13752,593,69,-405
-6964,-2440,13684,0,-314,-537
-7008,-2292,13644,-67,-225,-425
-6936,-2372,13608,-90,-150,-294
-7020,-2264,13640,-165,-123,-272
-6928,-2376,13636,-252,-124,-298
-7024,-2224,13748,-237,-194,-246
-7052,-2368,13440,-139,-89,-174
-6844,-2344,13556,-113,22,-76
-6860,-2472,13604,-78,-117,-220
-6864,-2428,13752,-180,-266,-289
-6764,-2280,13728,-62,-215,-253
-6868,-2296,13592,-170,-136,-162
-6932,-2304,13644,-273,-242,-205
-6880,-2412,13592,-331,-418,-266
-6888,-2372,13700,-293,-221,-161
-6788,-2316,13696,-217,-280,-125
-6832,-2364,13780,-34,-136,-227
-6724,-2476,13672,-204,-177,-176
-6752,-2420,13656,-279,-180,-134
-6720,-2344,13704,-273,-211,-141
-6712,-2392,13680,-229,-267,-102
-6624,-2328,13632,-214,-278,-122
-6684,-2480,13744,-245,-221,-180
-6672,-2492,13696,-239,-162,-145
-6784,-2476,13728,-212,-104,-109
-6696,-2428,13712,-134,-119,-125
-6648,-2364,13772,-167,-87,-105
-6552,-2560,13776,-261,-43,-89
-6656,-2428,13888,-236,-74,-103
-6664,-2508,13652,-176,-106,-91
-6552,-2464,13980,-147,304,-48
-6536,-2524,13676,-168,-85,-116
-6560,-2460,13708,-257,-73,-100
-6592,-2428,13836,-238,-156,-99
-6700,-2488,13880,-217,-172,-69
-6496,-2528,13660,-163,-98,-86
-6504,-2592,13680,-244,-125,-91
-6504,-2400,13712,-274,-112,-95
-6552,-2404,13840,-242,-106,-72
-6544,-2440,13716,-145,-195,-96
-6472,-2564,13716,-161,-109,-104
-6584,-2520,13864,-243,-106,-119
-6536,-2536,13904,-236,-73,-70
-6500,-2456,13860,-162,-57,-47
-6528,-2456,13712,-124,-140,-84
-6480,-2580,13716,-216,-69,-110
-6504,-2480,13824,-292,-130,-111
-6536,-2424,13748,-247,-155,-68
-6544,-2512,13988,-179,-143,-62
-6504,-2576,13732,-185,-135,-65
-6452,-2480,13832,-286,-92,-99
-6460,-2564,13872,-264,-89,-65
-6540,-2516,13720,-174,-69,-61
-6416,-2484,13852,-132,-172,-80
-6424,-2544,13836,-208,-111,-77
-6468,-2484,13800,-303,-79,-63
-6488,-2520,13908,-230,-90,-93
-6544,-2640,13912,-174,-67,-23
-6496,-2576,13872,-165,-87,-40
-6360,-2628,13744,-271,-118,-77
-6536,-2484,13852,-278,-96,-75
-6444,-2488,13964,-190,-137,-42
-6332,-2604,13648,-164,-132,-61
-6432,-2584,13960,-201,-57,-89
-6428,-2548,13832,-354,-261,-101
-6480,-2540,13940,-290,-141,-66
-6368,-2576,13880,-194,-144,-33
-6372,-2584,13912,-166,-82,-12
-6472,-2604,14008,-286,-137,-86
-6360,-2576,14016,-249,21,-66
-6340,-2516,13804,-170,-11,-63
-6340,-2604,13952,-99,-49,-83
-6444,-2600,13932,-163,-103,-67
-6368,-2572,13860,-230,-22,-41
-6400,-2548,14048,-265,-22,-50
-6376,-2520,13852,-189,-156,-39
-6464,-2564,13724,-156,-140,-46
-6332,-2648,13916,-195,-133,-88
-6352,-2572,13808,-260,-65,-66
-6384,-2636,13904,-238,-125,-58
-6348,-2620,14044,-159,-71,-28
-6268,-2544,13764,-110,-41,-58
-6276,-2640,13820,-190,15,-77
-6360,-2588,13868,-179,-53,-105
-6372,-2552,13896,-182,-119,-65
-6400,-2652,13904,-129,-99,-67
-6344,-2636,13980,-209,-119,-62
-6224,-2516,13760,-274,-117,-69
-6308,-2620,13860,-270,-111,-58
-6372,-2644,13800,-187,-136,-53
-6284,-2580,13952,-104,-113,-117
-6268,-2644,13740,-240,-60,-62
-6288,-2524,13868,-290,-63,-66
-6328,-2456,13900,-229,-51,-43
-6276,-2588,13812,-164,-116,-2
-6296,-2640,13740,-208,-110,-38
-6372,-2616,13860,-261,-51,-53
-6264,-2580,13844,-249,-52,-50
-6296,-2644,13960,-206,-120,-30
-6288,-2560,14012,-171,-129,-47
-6312,-2560,13888,-219,-85,-38
-6260,-2604,13720,-291,-102,-46
-6360,-2648,13972,-239,-106,-48
-6408,-2584,14004,-162,-87,-20
-6188,-2648,14012,-182,-97,-39
-6272,-2676,13968,-264,-68,-82
-6388,-2492,14064,-288,-92,-61
-6204,-2536,14016,-161,-96,-44
-6268,-2612,13912,-139,-73,-46
-6184,-2588,14008,-218,-109,-52
-6240,-2544,13860,-280,-74,-74
-6176,-2644,13908,-239,-68,-46
-6272,-2576,14120,-136,-73,-34
-6288,-2556,13964,-158,-73,-61
-6236,-2584,13972,-241,-51,-65
-6420,-2668,14040,-283,-104,-52
-6204,-2600,14040,-222,-84,4
-6212,-2556,13916,-156,-102,-46
-6248,-2648,13956,-221,-112,-38
-6284,-2536,13968,-300,-111,-62
-6228,-2660,13892,-292,-72,-32
-6276,-2592,13912,-166,-93,-4
-6156,-2576,13840,-169,-95,-26
-6172,-2708,13864,-241,-89,-52
-6256,-2576,13832,-273,-11,-52
-6256,-2576,13980,-188,-23,-32
-6240,-2708,13940,-168,-93,-47
-6228,-2644,13968,-196,-70,-46
-6308,-2592,13836,-276,-92,-43
-6304,-2636,13848,-292,-116,-39
-6176,-2580,13808,-220,-134,0
-6148,-2660,13824,-199,-151,-18
-6184,-2620,13956,-249,-92,-46
-6140,-2572,13920,-268,-46,-66
-6224,-2600,14040,-226,-75,-27
-6124,-2500,13864,-151,-70,7
-6128,-2672,13864,-174,-54,-17
-6108,-2684,13808,-289,-34,-61
-6240,-2528,13960,-293,-115,-62
-6212,-2600,14160,-163,-54,-30
-6196,-2604,13996,-119,-77,-19
-6164,-2696,13984,-223,-50,-46
-6196,-2556,13888,-288,-37,-38
-6340,-2532,14072,-250,-95,-34
-6272,-2540,13892,-187,-152,7
-6104,-2580,13840,-195,-126,-26
-6112,-2580,13780,-264,-67,-41
-6260,-2564,13940,-262,-71,-54
-6116,-2600,14092,-199,-86,-7
-6108,-2652,13968,-153,-117,7
-6056,-2576,13884,-223,-63,-32
-6224,-2576,13760,-271,-76,-49
-6144,-2608,14140,-254,-52,-11
-6128,-2600,13928,-184,-88,12
-6180,-2640,13784,-171,-31,-13
-6156,-2600,14016,-265,-39,-59
-6236,-2500,13980,-261,-51,-54
-6168,-2616,13820,-182,-90,-19
-6088,-2692,13984,-180,-106,-9
-6148,-2716,13944,-238,-104,-7
-6244,-2504,14012,-310,-120,-38
-6168,-2508,13972,-271,-109,-13
-6240,-2640,13952,-182,-128,3
-6044,-2660,13944,-191,-61,-41
-6132,-2624,13912,-254,-28,-40
-6204,-2564,14000,-269,-40,-20
-6212,-2616,14072,-196,-57,8
-6176,-2752,13964,-129,-22,41
-6132,-2716,13752,-187,30,-29
-6204,-2616,13952,-258,67,-27
-6188,-2556,14128,-200,52,-12
-6264,-2504,14012,-139,92,2
-6184,-2532,13884,-155,29,-14
-6256,-2620,13768,-228,38,-60
-6200,-2540,13980,-216,41,-38
-6260,-2580,13928,-209,-24,6
-6336,-2556,13872,-170,-31,-15
-6232,-2624,13884,-189,24,-36
-6236,-2584,13924,-270,-18,-60
-6192,-2512,14156,-242,-64,-35
-6300,-2460,13884,-193,-111,-14
-6256,-2596,13828,-178,-96,-23
-6252,-2724,13980,-226,-87,-52
-6268,-2572,13968,-280,-59,-51
-6212,-2564,14144,-222,-42,-18
-6260,-2540,13648,-163,-56,-7
-6208,-2588,14056,-182,-48,-33
-6268,-2616,13900,-247,-22,-66
-6192,-2532,14024,-239,-70,-57
-6172,-2644,13952,-181,-127,-44
-6296,-2700,13944,-174,-104,-16
-6224,-2600,13860,-250,-167,-72
-6156,-2480,13972,-305,-97,-33
-6252,-2600,13884,-225,-82,0
-6296,-2540,13876,-163,-145,-8
-6260,-2548,13920,-205,-97,-20
-6132,-2644,13848,-259,-74,-46
-6276,-2544,14060,-281,-74,-52
-6112,-2584,14048,-214,-127,4
-6284,-2604,13972,-136,-84,-9
-6168,-2652,14064,-216,18,-45
-6164,-2632,13852,-281,-37,-53
-6204,-2612,14132,-238,-84,-16
-6232,-2640,14084,-174,-145,16
-6180,-2588,13928,-190,-98,-16
-6192,-2652,14008,-261,-100,-56
-6140,-2600,13944,-274,-119,-29
-6212,-2576,14096,-212,-125,-9
-6188,-2668,14008,-144,-89,-3
-6136,-2680,14072,-220,-76,-48
-6168,-2588,14068,-283,-53,-52
-6212,-2488,13892,-242,-89,-31
-6208,-2592,14032,-154,-61,-6
-6164,-2628,14000,-183,-29,-37
-6212,-2640,13884,-248,-53,-47
-6192,-2524,13824,-247,-7,-46
-6204,-2648,13900,-179,-39,-22
-6236,-2544,13980,-136,-103,-1
-6168,-2640,13896,-218,-80,-38
-6120,-2552,14004,-291,-114,-35
-6204,-2608,14000,-286,-159,-22
-6108,-2608,14076,-206,-171,-10
-6200,-2592,13904,-184,-112,-14
-6180,-2644,13860,-237,-39,-30
-6112,-2588,14024,-307,-55,-42
-6216,-2624,14008,-212,-135,-6
-6180,-2588,13920,-170,-101,-6
-6084,-2732,13996,-206,-96,-32
-6148,-2500,14016,-283,-74,-45
-6168,-2556,13976,-260,-116,-10
-6192,-2628,14072,-203,-143,-24
-6152,-2592,13940,-182,-148,-23
-6164,-2588,13992,-233,-101,-57
-6256,-2640,13964,-294,-85,-48
-6164,-2544,14028,-226,-111,-13
-6032,-2704,14020,-174,-28,15
-6052,-2700,13820,-195,-45,-22
-6136,-2560,13948,-237,19,-20
-6140,-2552,14272,-238,24,5
-6028,-2616,14028,-191,6,21
-6172,-2540,14048,-158,59,31
-6128,-2688,13904,-177,46,-27
-6004,-2576,14052,-246,46,-49
-6188,-2600,13792,-212,-4,2
-6124,-2532,14120,-114,37,-11
-6168,-2548,13896,-162,-96,-59
-6136,-2600,14008,-241,-78,-58
-6156,-2548,14076,-253,-82,-25
-6192,-2556,14020,-167,-31,1
-6192,-2592,14096,-175,-126,-28
-6112,-2644,13828,-209,36,-6
-6188,-2592,14008,-277,-40,-50
-6180,-2576,13904,-225,-55,12
-6284,-2556,14128,-214,-182,-5
-6176,-2592,14004,-209,-116,-21
-6064,-2620,14036,-250,-55,-31
-6148,-2560,14012,-243,-39,-29
-6180,-2580,13992,-194,-103,-1
-6180,-2608,14004,-151,-18,-23
-6176,-2676,13896,-217,-78,-32
-6192,-2544,13944,-267,-82,-30
-6312,-2628,13964,-260,-85,-7
-6204,-2576,14056,-189,-93,9
-6112,-2668,13916,-225,-206,-7
-6088,-2608,13992,-273,-128,-51
-6104,-2560,14032,-287,-133,-54
-6212,-2568,14044,-225,-146,1
-6184,-2640,14140,-175,-60,6
-5920,-2672,13948,-271,-178,-35
-6076,-2668,14124,-270,-52,-38
-6016,-2636,14060,-256,-133,-29
-6180,-2532,14120,-181,-119,-39
-6068,-2736,14068,-163,-80,-8
-6076,-2620,13980,-246,-124,-68
-6128,-2592,14092,-266,-177,-43
-6060,-2620,14080,-196,-175,-33
-6112,-2772,13924,-199,-253,-41
-5992,-2620,13972,-202,-84,-42
-5988,-2708,14060,-238,-31,-35
-6040,-2528,14260,-258,-73,-58
-6120,-2668,14052,-189,-118,0
-6004,-2652,14012,-181,-77,4
-6120,-2700,14092,-219,-37,-38
-6104,-2736,14028,-266,-84,-63
-5936,-2540,14044,-260,-148,-12
-6156,-2580,13988,-164,-62,8
-5976,-2620,13908,-219,-61,-30
-5968,-2576,13984,-262,-3,-50
-6056,-2568,14068,-261,-99,-19
-6116,-2580,13996,-210,-130,0
-6180,-2680,14100,-195,-121,-25
-6016,-2640,14064,-260,-117,-37
-6096,-2592,14004,-282,-73,-43
-6084,-2668,13980,-236,-130,-19
-6056,-2680,14124,-223,-141,-18
-6036,-2704,13896,-249,-183,-36
-6020,-2660,13968,-320,-154,-55
-6024,-2644,14136,-274,-100,-37
-5996,-2636,14120,-224,-128,11
-5976,-2668,14016,-150,-33,12
-6012,-2668,14180,-242,-52,-36
-5988,-2664,14104,-268,-47,-47
-5936,-2700,14104,-220,-71,-34
-6044,-2660,14144,-145,-110,-20
-6056,-2588,14008,-260,-235,-62
-5948,-2612,13988,-298,-123,-47
-5908,-2572,14100,-302,-180,-93
-6024,-2656,14036,-142,-125,-70
-5864,-2740,13988,-105,-38,-32
-5908,-2764,14004,-190,-40,-82
-5968,-2632,14060,-278,-113,-86
-5980,-2664,14072,-229,-13,-15
-5852,-2656,14056,-195,-93,-1
-5888,-2660,14152,-209,-102,-2
-5884,-2792,14072,-259,-75,-57
-5900,-2756,14036,-251,42,-9
-5932,-2680,14152,-188,-52,-22
-5968,-2732,14056,-143,-104,-1
-5812,-2684,14068,-189,-52,-23
-5872,-2572,13900,-250,42,-34
-5892,-2628,14120,-197,4,-24
-5984,-2684,13928,-141,-49,0
-5940,-2712,13936,-165,-46,28
-5876,-2676,13976,-254,-57,-25
-5964,-2620,14036,-269,-31,-51
-5864,-2700,14240,-199,-111,-13
-5864,-2664,14164,-170,-84,32
-5872,-2668,14128,-199,-42,0
-5860,-2736,13972,-294,-76,-43
-6028,-2632,14160,-238,-89,-25
-5908,-2652,13988,-188,-141,0
-5908,-2748,13972,-176,-72,-4
-5832,-2752,13904,-281,-56,-30
-6020,-2640,14172,-288,-70,-33
-5864,-2644,14072,-205,-112,-34
-5952,-2720,14116,-142,-64,-10
-5908,-2648,14060,-236,-142,-8
-5944,-2728,14004,-292,-99,-38
-5928,-2524,14192,-287,-69,-50
-5960,-2624,14076,-173,-34,0
-5948,-2664,13992,-124,-3,14
-5856,-2660,13996,-231,17,-13
-6048,-2688,14040,-229,25,-15
-5992,-2580,14292,-158,25,11
-6004,-2652,14184,-186,-121,-10
-5976,-2612,14100,-192,-60,-25
-5952,-2568,14152,-266,0,-13
-6044,-2608,14160,-228,-11,-25
-6004,-2624,14108,-182,-69,23
-5908,-2732,14024,-145,-42,12
-5964,-2728,13972,-216,1,-18
-5956,-2632,14188,-241,26,-1
-6000,-2600,14124,-131,76,23
-6056,-2612,14168,-116,55,27
-5908,-2720,13924,-121,166,39
-6020,-2688,14100,-210,82,-16
-6008,-2668,14100,-287,-26,41
-5960,-2672,14192,-214,-42,18
-6080,-2640,13960,-93,120,-13
-6056,-2652,13984,-104,193,-50
-6008,-2640,13888,-253,65,-32
-6108,-2548,14136,-232,-139,-4
-6124,-2648,14076,-192,-224,12
-6092,-2596,14036,-213,-197,-15
-6104,-2648,13944,-330,-203,-19
-6032,-2560,14004,-349,-127,36
-6052,-2572,13980,-279,-227,2
-5956,-2708,13956,-188,-139,-1
-6016,-2732,13880,-226,-2,-26
-6060,-2528,13928,-231,103,-47
-6136,-2620,14096,-218,6,0
-6224,-2628,13900,-233,-207,-24
-5952,-2644,13900,-232,-226,-18
-5960,-2724,13996,-288,-141,-39
-5896,-2576,14132,-306,-50,-23
-6088,-2540,14180,-199,-98,13
-5964,-2676,14148,-192,-44,95
-5976,-2692,13924,-233,-38,-20
-6076,-2716,14104,-225,12,-6
-5984,-2588,14120,-234,-41,8
-6064,-2668,13944,-181,-77,-4
-5972,-2608,14112,-240,-109,2
-5928,-2700,14096,-286,-116,-28
-6212,-2720,14088,-217,84,-2
-6020,-2672,13992,-206,-94,6
-5708,-2524,13876,-319,-43,-31
-5916,-2684,14068,-224,-7,-11
-6000,-2644,13964,-368,-70,-99
-5896,-2616,14204,-308,-101,-60
-6036,-2576,14052,-209,-120,7
-5956,-2724,13884,-245,-116,-15
-6040,-2700,13992,-411,-136,-105
-5916,-2648,14296,-263,-82,-16
-5984,-2692,14104,-274,-103,-36
-5996,-2648,14200,-402,-267,-572
-5904,-2732,14068,-245,-149,-386
-5792,-2768,14152,-383,-312,-234
-5812,-2696,14120,2,-114,87
-5920,-2800,13968,-103,-218,181
-5892,-2700,14132,-158,28,90
-5964,-2756,13924,-76,-45,141
-5928,-2564,14176,-270,1,105
-5672,-2844,14020,-362,-293,-154
-5844,-2824,14120,-38,-25,52
-5848,-2640,14236,-4,-117,113
-5892,-2588,14108,-342,-113,-42
-5940,-2624,14080,-303,-265,-39
-6008,-2588,14060,-207,-70,101
-5856,-2560,13948,-192,-47,-10
-5932,-2604,14224,-275,286,44
-5880,-2648,14236,-436,-36,-116
-5860,-2644,14072,-218,-104,-21
-5884,-2612,13996,-205,-92,0
-5920,-2728,14044,-169,-64,22
-5820,-2600,14048,-269,-85,-21
-5972,-2592,14124,-616,-100,-195
-5912,-2668,14028,32,-340,76
-5468,-2712,14028,-1275,-2016,1776
-5508,-2608,14552,-1398,-2584,2263
-5092,-2628,14556,-738,-567,831
-4860,-2356,14404,-803,-608,-409
-5400,-2840,14152,-283,-607,-84
-5728,-2936,13784,-1851,-1092,1617
-4040,-2944,13476,-2112,-2826,-1705
-3968,-3224,13576,-298,-1282,-500
-4900,-3016,14876,104,-625,-1308
-5076,-3212,14352,192,430,148
-5008,-3220,14220,533,298,266
-5004,-3112,14228,1363,-92,570
-5004,-2868,14320,405,-145,217
-5152,-2904,14536,813,27,347
-5460,-2880,14580,212,599,1372
-5136,-2696,14364,-116,294,47
-5280,-2728,14224,-97,214,47
-5440,-2652,14372,-75,23,284
-5360,-2660,14460,264,117,216
-5332,-2708,14324,275,820,335
-5308,-2568,14532,-219,176,316
-5412,-2592,14236,-318,-22,375
-5592,-2504,14344,-151,364,707
-5572,-2588,14276,-163,229,239
-5452,-2600,14244,-415,-430,-283
-5464,-2660,14380,55,-42,130
-5688,-2344,13896,-297,179,281
-5584,-2504,14380,-2,557,205
-5600,-2368,14392,-318,-342,96
-5600,-2476,14068,-256,-162,-4
-5492,-2520,14364,-240,118,-26
-5564,-2532,14204,-253,-75,7
-5576,-2508,14280,-225,-123,30
-5572,-2508,14256,-181,-24,11
-5560,-2436,14212,-223,-62,-8
-5620,-2468,14196,-260,-73,-34
-5704,-2408,14300,-241,-118,-6
-5580,-2472,14312,-189,-59,14
-5628,-2556,14332,-219,0,-19
-5692,-2492,14116,-283,-153,-49
-5564,-2512,14404,-196,-48,15
-5564,-2452,14336,-142,-21,34
-5632,-2572,14132,-206,-76,-11
-5600,-2548,14172,-243,-51,-20
-5640,-2420,14324,-278,-87,-25
-5660,-2572,14260,-240,-87,-4
-5600,-2544,14228,-180,-85,4
-5540,-2524,14312,-230,-68,-3
-5580,-2440,14096,-274,-74,-51
-5560,-2576,14304,-243,-77,-21
-5612,-2452,14320,-213,-71,2
-5636,-2524,14192,-200,-67,14
-5548,-2512,14264,-250,-42,-11
-5636,-2560,14224,-250,-27,-47
-5620,-2544,14292,-222,-54,-19
-5692,-2556,14324,-189,-149,11
-5588,-2532,14296,-189,-90,5
-5516,-2628,14368,-248,-23,-31
-5604,-2504,14344,-260,-44,-42
-5640,-2440,14228,-219,-104,-4
-5576,-2492,14260,-143,-114,20
-5524,-2472,14328,-200,-34,1
-5584,-2452,14192,-262,-96,-55
-5624,-2408,14348,-246,-46,-20
-5636,-2512,14332,-179,-7,31
-5632,-2524,14328,-206,-84,-16
-5544,-2584,14304,-273,-91,-40
-5504,-2412,14180,-261,-65,-34
-5692,-2424,14176,-194,-22,6
-5632,-2492,14076,-175,-65,22
-5480,-2608,14144,-247,-86,-19
-5560,-2496,14208,-259,-80,-58
-5564,-2480,14296,-252,-45,-12
-5636,-2440,14240,-198,-100,23
-5496,-2508,14220,-181,-73,8
-5572,-2472,14188,-263,-72,-42
-5692,-2540,14220,-257,-29,-39
-5460,-2548,14220,-175,-48,21
-5540,-2544,14240,-188,-110,18
-5476,-2496,14160,-230,-55,-15
-5532,-2516,14080,-298,-36,-29
-5668,-2560,14324,-244,-83,-27
-5668,-2404,14260,-192,-87,18
-5452,-2496,14380,-189,-73,13
-5552,-2548,14184,-254,-66,-30
-5568,-2516,14056,-259,-55,-34
-5644,-2544,14200,-249,-104,-11
-5528,-2380,14212,-172,-1,25
-5580,-2428,14428,-172,-53,4
-5468,-2492,14284,-276,-160,-22
-5552,-2536,14124,-242,-100,-26
-5736,-2516,14264,-197,-26,12
-5716,-2568,14192,-164,78,17
-5588,-2560,14112,-244,-82,-26
-5604,-2600,14244,-278,-100,-38
-5580,-2432,14244,-241,-82,-10
-5592,-2548,14356,-191,-42,11
-5596,-2472,14340,-205,-51,11
-5584,-2544,14160,-250,-82,-51